synindex,RiskPerformance,ExternalRiskEstimate,MSinceOldestTradeOpen,MSinceMostRecentTradeOpen,AverageMInFile,NumSatisfactoryTrades,NumTrades60Ever2DerogPubRec,NumTrades90Ever2DerogPubRec,PercentTradesNeverDelq,MSinceMostRecentDelq,MaxDelq2PublicRecLast12M,MaxDelqEver,NumTotalTrades,NumTradesOpeninLast12M,PercentInstallTrades,MSinceMostRecentInqexcl7days,NumInqLast6M,NumInqLast6Mexcl7days,NetFractionRevolvingBurden,NetFractionInstallBurden,NumRevolvingTradesWBalance,NumInstallTradesWBalance,NumBank2NatlTradesWHighUtilization,PercentTradesWBalance
0,RIS_1,78,210,5,85,22,0,0,100,-7,7,8,25,2,45,0,1,1,15,65,3,2,0,72
1,RIS_1,85,300,8,120,30,0,0,100,-7,7,8,30,1,50,0,0,0,10,70,4,1,0,80
2,RIS_1,65,150,2,75,20,1,0,90,5,3,5,20,3,40,2,2,2,20,50,5,3,0,60
3,RIS_1,88,350,10,130,25,0,0,100,-7,7,8,28,1,30,0,2,2,12,45,3,2,1,55
4,RIS_1,70,250,1,80,32,1,0,85,6,4,3,34,3,35,0,1,1,35,45,7,3,2,58
5,RIS_1,89,310,12,110,18,0,0,100,-7,7,8,18,2,55,0,1,1,6,-7,3,2,0,68
6,RIS_1,87,375,6,150,27,0,0,100,-7,7,8,30,1,15,14,0,0,11,-7,7,1,0,76
7,RIS_1,55,120,4,60,22,2,2,70,1,3,4,28,3,60,0,1,1,7,85,3,4,0,85
8,RIS_1,75,125,3,65,19,0,0,88,8,3,5,20,2,22,-6,1,1,6,85,3,2,0,45
9,RIS_1,83,215,36,130,16,0,0,86,11,5,5,16,0,21,3,0,0,2,-7,2,2,0,52
10,RIS_0,72,170,3,85,15,1,1,88,4,0,4,32,2,15,2,0,0,15,30,10,3,0,65
11,RIS_0,76,155,2,70,21,1,0,90,14,5,4,24,4,45,4,0,0,10,60,4,5,0,65
12,RIS_0,74,70,4,45,14,0,0,88,13,5,5,4,3,25,0,0,0,9,-7,3,1,0,35
13,RIS_0,79,165,7,80,28,0,0,100,-7,7,8,42,3,35,0,0,0,23,80,5,4,0,70
14,RIS_0,81,195,20,75,14,0,0,92,30,5,5,14,0,50,14,0,0,5,55,3,3,-7,82
15,RIS_0,74,85,1,40,13,0,0,100,-7,7,8,14,2,25,-7,0,0,60,70,5,3,0,87
16,RIS_0,67,220,3,65,22,0,0,95,0,3,5,24,3,50,0,2,2,43,70,6,3,1,66
17,RIS_0,57,160,2,70,2,5,4,70,33,5,4,8,2,45,0,2,2,0,-7,1,1,0,65
18,RIS_0,63,70,4,35,5,0,0,55,2,3,5,6,2,40,0,0,0,0,75,1,2,-7,58
19,RIS_0,73,165,68,105,8,2,2,100,-7,0,7,10,0,0,0,0,0,4,-7,1,-7,0,10
20,RIS_1,78,210,5,85,25,0,0,95,-7,7,8,25,2,45,0,1,1,15,65,3,2,0,70
21,RIS_1,85,300,8,120,30,0,0,100,-7,7,8,30,1,50,0,0,0,10,70,4,1,0,75
22,RIS_1,72,150,3,70,20,1,0,90,5,3,5,20,3,40,2,2,2,20,60,3,2,0,65
23,RIS_1,88,320,10,130,35,0,0,100,-7,7,8,35,1,30,0,2,2,12,55,5,3,1,60
24,RIS_1,65,250,2,80,30,1,0,85,6,4,3,30,4,35,1,1,1,25,50,7,3,2,55
25,RIS_1,89,310,12,110,18,0,0,100,-7,7,8,18,2,55,0,3,3,6,-7,3,2,0,68
26,RIS_1,84,370,6,150,25,0,0,100,-7,7,8,28,1,15,14,0,0,11,-7,7,1,0,74
27,RIS_1,58,130,4,65,24,2,1,75,3,4,4,28,3,60,0,2,2,7,85,3,4,0,85
28,RIS_1,75,135,1,68,19,0,0,90,8,4,6,20,2,22,-7,3,3,6,87,3,2,0,45
29,RIS_1,83,230,35,130,16,0,0,88,11,6,6,16,0,21,3,2,2,2,-7,2,2,0,52
30,RIS_1,67,180,5,85,33,1,1,90,4,0,5,32,2,15,2,2,2,15,35,10,3,0,66
31,RIS_1,76,160,2,74,21,1,0,92,14,6,5,24,4,47,4,2,2,12,63,4,5,0,66
32,RIS_1,74,80,4,52,16,0,0,90,13,6,6,4,3,29,2,2,2,11,-7,3,1,0,39
33,RIS_1,79,170,7,85,28,0,0,100,-7,7,8,42,3,31,0,2,2,23,83,5,4,0,72
34,RIS_1,81,200,20,75,16,0,0,94,31,6,6,16,0,54,14,0,0,5,56,3,3,-7,84
35,RIS_0,74,85,3,43,15,0,0,100,-7,7,8,16,2,28,-7,0,0,60,72,5,3,0,87
36,RIS_0,69,230,3,71,24,0,0,97,2,4,6,26,3,53,0,4,4,45,75,6,3,1,68
37,RIS_0,57,170,2,72,2,5,4,76,33,6,5,10,2,51,0,4,4,1,-7,1,1,0,68
38,RIS_0,63,70,6,40,7,0,0,58,4,4,6,8,2,44,0,1,1,1,77,1,2,-7,61
39,RIS_1,78,210,5,89,22,0,0,95,-7,7,8,25,2,45,1,1,1,15,65,3,2,0,72
40,RIS_1,85,320,8,110,28,0,0,100,-7,7,8,30,1,60,0,0,0,10,70,4,1,0,80
41,RIS_1,72,150,2,75,20,1,0,92,5,3,5,18,3,40,2,2,2,12,60,3,3,0,65
42,RIS_1,88,340,10,125,25,0,0,100,-7,7,8,27,1,25,0,2,2,13,50,2,2,1,55
43,RIS_1,65,250,1,80,32,1,0,85,6,4,2,34,3,35,0,1,1,35,50,7,3,3,60
44,RIS_1,89,310,12,108,16,0,0,100,-7,7,8,18,2,55,0,1,1,6,-7,3,2,0,70
45,RIS_1,84,375,6,150,25,0,0,100,-7,7,8,28,1,15,14,0,0,11,-7,7,1,0,74
46,RIS_1,58,120,4,60,22,2,2,70,1,4,4,28,3,60,0,1,1,7,90,2,3,0,85
47,RIS_1,75,125,1,65,17,0,0,88,8,4,6,18,2,20,-7,2,2,4,85,2,2,0,45
48,RIS_1,83,215,35,130,14,0,0,86,11,6,6,14,0,18,3,1,1,2,-7,1,1,0,48
49,RIS_0,70,170,3,85,33,2,1,88,2,0,5,32,2,15,2,1,1,15,35,10,3,0,66
50,RIS_0,76,155,1,72,19,1,0,90,14,6,5,22,4,47,4,1,1,10,65,3,4,0,66
51,RIS_0,74,70,2,48,14,0,0,88,13,6,6,2,3,27,0,1,1,9,-7,2,1,0,37
52,RIS_0,79,165,7,83,28,0,0,100,-7,7,8,42,3,29,0,1,1,23,85,5,3,0,70
53,RIS_0,81,195,20,75,14,0,0,92,31,6,6,14,0,52,14,0,0,3,55,2,2,-7,82
54,RIS_0,72,75,1,40,13,0,0,100,-7,7,8,14,2,26,-7,0,0,60,70,3,2,0,87
55,RIS_0,67,220,1,68,22,0,0,95,0,4,6,24,3,51,0,2,2,43,75,4,2,1,66
56,RIS_0,57,160,1,70,0,5,4,74,33,6,5,8,2,49,0,2,2,-1,-7,0,1,0,66
57,RIS_0,63,60,4,38,5,0,0,56,2,4,6,6,2,42,0,0,0,-1,75,0,1,-7,58
58,RIS_1,78,210,5,89,22,0,0,95,12,6,6,22,2,45,3,1,1,15,42,3,2,0,68
59,RIS_1,85,290,8,120,25,0,0,100,-7,7,8,25,1,60,0,0,0,10,65,4,1,0,75
60,RIS_1,70,150,4,70,30,1,0,92,5,3,5,12,3,35,2,2,2,8,70,3,2,0,50
61,RIS_1,88,330,10,125,27,0,0,100,-7,7,8,27,1,25,0,2,2,12,50,2,3,1,52
62,RIS_1,65,250,2,82,32,1,0,88,6,4,2,34,3,32,0,1,1,35,45,7,3,3,60
63,RIS_1,89,300,12,110,18,0,0,100,-7,7,8,18,2,55,0,1,1,6,-7,2,2,0,65
64,RIS_1,84,370,8,150,25,0,0,100,-7,7,8,28,1,15,14,0,0,11,-7,7,1,0,74
65,RIS_1,58,130,6,65,24,2,2,74,3,4,4,30,3,60,0,1,1,7,85,2,4,0,85
66,RIS_1,75,135,3,68,19,0,0,90,8,4,6,20,2,22,-7,2,2,6,87,2,2,0,45
67,RIS_1,83,230,35,130,16,0,0,88,11,6,6,16,0,21,3,1,1,2,-7,1,2,0,51
68,RIS_1,67,180,5,85,33,2,1,90,4,0,5,32,2,15,2,1,1,15,35,10,3,0,66
69,RIS_1,76,160,2,74,21,1,0,92,14,6,5,24,4,47,4,1,1,10,65,3,5,0,66
70,RIS_1,74,80,4,51,16,0,0,90,13,6,6,4,3,27,0,1,1,9,-7,2,1,0,39
71,RIS_1,79,170,9,85,30,0,0,100,-7,7,8,44,3,31,0,1,1,23,83,5,4,0,70
72,RIS_1,81,200,20,75,16,0,0,94,30,6,6,16,0,52,14,0,0,5,56,2,3,-7,82
73,RIS_0,72,85,3,43,15,0,0,100,-7,7,8,16,2,28,-7,0,0,60,72,4,3,0,87
74,RIS_0,69,230,3,71,24,0,0,97,2,4,6,26,3,51,0,2,2,43,75,5,3,1,66
75,RIS_0,57,170,2,72,2,5,4,76,33,6,5,10,2,49,0,2,2,1,-7,0,1,0,66
76,RIS_0,63,70,6,40,7,0,0,58,4,4,6,8,2,42,0,0,0,1,77,0,2,-7,61
77,RIS_1,78,210,5,85,22,0,0,95,-7,7,8,25,2,45,0,1,1,15,65,3,2,0,70
78,RIS_1,85,300,8,120,20,0,0,100,-7,7,8,20,1,50,0,0,0,10,70,2,1,0,60
79,RIS_1,65,150,3,70,18,1,0,90,5,3,5,18,3,40,2,2,2,20,50,4,3,0,55
80,RIS_1,90,350,10,130,25,0,0,100,-7,7,8,30,1,30,0,2,2,12,45,3,2,1,65
81,RIS_1,70,250,2,80,30,1,0,85,6,4,3,32,4,35,1,1,1,25,55,5,4,2,60
82,RIS_1,88,310,12,110,18,0,0,100,-7,7,8,18,2,55,0,1,1,8,-5,3,2,0,68
83,RIS_1,84,375,6,150,24,0,0,100,-7,7,8,28,1,15,14,0,0,14,-7,7,1,0,72
84,RIS_1,58,120,4,60,22,2,1,75,3,4,4,28,3,60,0,2,2,10,85,3,3,0,80
85,RIS_1,75,125,1,65,17,0,0,90,8,4,6,18,2,25,-6,1,1,6,82,2,2,0,45
86,RIS_1,83,215,35,125,14,0,0,88,11,6,6,14,0,22,3,1,1,2,-7,1,1,0,52
87,RIS_0,72,170,3,80,32,2,1,88,4,0,5,30,2,15,2,1,1,18,30,10,2,0,65
88,RIS_0,76,155,2,70,19,1,0,92,14,6,5,22,3,45,4,1,1,12,60,4,4,0,65
89,RIS_0,74,70,4,45,14,0,0,90,13,6,6,12,2,30,0,1,1,12,-7,1,1,0,40
90,RIS_0,77,165,7,80,27,0,0,100,-7,7,8,40,2,35,0,1,1,22,80,5,3,0,70
91,RIS_0,79,195,20,75,14,0,0,94,30,6,6,14,0,50,14,0,0,5,55,3,2,-7,80
92,RIS_0,75,85,1,40,13,0,0,100,-7,7,8,14,1,30,-7,0,0,60,70,3,2,0,85
93,RIS_0,67,220,3,65,22,0,0,95,2,4,6,24,2,50,0,2,2,42,70,4,2,1,65
94,RIS_0,57,160,2,65,10,5,4,70,33,6,5,8,1,45,0,2,2,5,-7,1,1,0,60
95,RIS_0,63,70,4,35,5,0,0,60,4,4,6,6,1,40,0,0,0,5,75,1,1,-7,55
96,RIS_0,73,155,65,100,8,2,1,100,-7,0,8,10,0,5,0,0,0,4,-7,1,-7,0,15
97,RIS_1,78,210,5,89,25,0,0,95,12,6,6,25,2,45,3,1,1,15,65,3,2,0,60
98,RIS_1,85,300,8,120,30,0,0,100,-7,7,8,30,1,50,0,0,0,10,70,4,1,0,75
99,RIS_1,72,150,2,75,20,1,0,90,8,4,5,20,3,40,2,2,2,20,50,5,3,0,55
100,RIS_1,88,320,10,130,28,0,0,100,-7,7,8,28,1,35,0,1,1,12,60,2,2,0,70
101,RIS_1,65,250,1,80,32,1,0,85,6,3,2,32,3,30,0,1,1,35,45,7,3,2,58
102,RIS_1,89,310,12,110,18,0,0,100,-7,7,8,18,2,55,0,2,2,6,-7,2,2,0,68
103,RIS_1,84,375,6,150,25,0,0,100,-7,7,8,28,1,15,14,0,0,11,-7,7,1,0,74
104,RIS_1,58,120,4,60,22,2,2,70,1,3,3,28,3,60,0,1,1,7,85,2,4,0,85
105,RIS_1,75,125,1,65,17,0,0,88,8,3,5,18,2,20,-6,2,2,4,85,2,2,0,43
106,RIS_1,83,215,36,130,14,0,0,86,11,5,5,14,0,19,3,1,1,0,-7,1,2,0,49
107,RIS_1,67,170,3,85,33,2,1,88,2,-1,4,32,2,13,2,1,1,15,30,10,3,0,66
108,RIS_1,76,150,0,70,19,1,0,90,14,5,4,22,4,47,4,1,1,10,60,3,5,0,66
109,RIS_1,74,70,2,45,14,0,0,88,13,5,5,2,3,27,0,1,1,9,-7,2,1,0,37
110,RIS_1,79,160,7,80,28,0,0,100,-7,7,8,42,3,29,0,1,1,23,80,5,4,0,70
111,RIS_1,81,195,20,75,14,0,0,92,30,5,5,14,0,52,14,0,0,3,55,2,3,-7,82
112,RIS_0,74,75,1,40,13,0,0,100,-7,7,8,14,2,26,-7,0,0,60,70,4,3,0,87
113,RIS_0,69,220,1,65,22,0,0,95,0,3,5,24,3,51,0,2,2,43,70,5,3,1,66
114,RIS_0,57,160,0,70,0,5,4,70,33,5,4,8,2,49,0,2,2,-1,-7,0,1,0,66
115,RIS_0,63,60,4,35,5,0,0,55,2,3,5,6,2,42,0,0,0,-1,75,0,2,-7,59
116,RIS_1,78,210,5,85,22,0,0,95,12,6,6,22,2,45,4,1,1,15,65,3,2,0,68
117,RIS_1,85,300,8,120,25,0,0,100,-7,7,8,25,1,60,0,0,0,10,70,4,1,0,75
118,RIS_1,70,150,2,70,20,1,0,90,5,3,5,20,3,35,3,2,2,20,50,5,2,0,55
119,RIS_1,88,350,10,130,27,0,0,100,-7,7,8,27,1,25,0,2,2,12,45,2,3,1,52
120,RIS_1,65,260,1,83,32,1,0,85,6,4,2,34,3,33,0,1,1,35,47,7,3,3,58
121,RIS_1,89,310,12,110,18,0,0,100,-7,7,8,18,2,54,0,1,1,6,-7,2,2,0,66
122,RIS_1,87,375,6,154,25,0,0,100,-7,7,8,28,1,15,14,0,0,11,-7,7,1,0,74
123,RIS_1,57,125,4,62,22,2,2,71,1,4,4,28,3,61,0,1,1,7,88,1,4,0,85
124,RIS_1,75,130,3,66,17,0,0,88,8,4,6,18,2,22,-6,2,2,4,87,1,2,0,43
125,RIS_1,83,225,36,130,14,0,0,86,11,6,6,14,0,21,3,1,1,0,-7,0,2,0,49
126,RIS_1,67,175,5,85,33,2,1,88,2,0,5,32,2,15,2,1,1,15,32,10,3,0,66
127,RIS_1,76,155,2,72,19,1,0,90,14,6,5,22,4,47,4,1,1,10,63,2,5,0,66
128,RIS_1,74,75,4,49,14,0,0,88,13,6,6,2,3,27,0,1,1,9,-7,1,1,0,37
129,RIS_1,79,168,7,83,28,0,0,100,-7,7,8,42,3,31,0,1,1,23,83,5,4,0,70
130,RIS_1,81,200,20,75,14,0,0,92,31,6,6,14,0,52,14,0,0,3,56,1,3,-7,82
131,RIS_0,72,81,3,41,13,0,0,100,-7,7,8,14,2,26,-7,0,0,60,72,3,3,0,87
132,RIS_0,69,225,3,69,22,0,0,95,0,4,6,24,3,51,0,2,2,43,73,4,3,1,66
133,RIS_0,57,166,2,70,0,5,4,74,33,6,5,8,2,49,0,2,2,-1,-7,-1,1,0,66
134,RIS_0,63,67,6,38,5,0,0,56,2,4,6,6,2,42,0,0,0,-1,77,-1,2,-7,59
135,RIS_1,78,210,5,89,25,0,0,100,-7,7,8,25,2,45,0,1,1,15,65,3,2,0,72
136,RIS_1,85,300,8,120,30,0,0,100,-7,7,8,30,1,50,0,0,0,10,70,4,1,0,80
137,RIS_1,65,150,2,75,20,1,0,90,5,3,5,20,3,40,2,2,2,20,50,5,3,0,60
138,RIS_1,88,350,10,130,28,0,0,100,-7,7,8,28,1,30,0,2,2,12,45,2,2,1,55
139,RIS_1,70,250,1,80,32,1,0,85,6,4,2,32,3,35,0,1,1,35,50,7,3,3,58
140,RIS_1,89,310,12,110,18,0,0,100,-7,7,8,18,2,55,0,1,1,6,-7,2,2,0,68
141,RIS_1,84,375,6,150,25,0,0,100,-7,7,8,28,1,15,14,0,0,11,-7,7,1,0,74
142,RIS_1,58,120,4,60,22,2,2,70,1,4,4,28,3,60,0,1,1,7,85,2,3,0,85
143,RIS_1,75,125,1,65,17,0,0,88,8,4,6,18,2,20,-6,2,2,4,85,2,2,0,45
144,RIS_1,83,215,35,130,14,0,0,86,11,6,6,14,0,25,3,1,1,2,-7,1,2,0,52
145,RIS_1,67,170,3,85,33,2,1,88,2,0,5,32,2,15,2,1,1,15,30,10,3,0,66
146,RIS_1,76,150,0,70,19,1,0,90,14,6,5,22,4,45,4,1,1,10,60,3,4,0,66
147,RIS_1,74,70,2,45,14,0,0,88,13,6,6,2,3,25,0,1,1,9,-7,2,1,0,40
148,RIS_1,79,160,7,80,28,0,0,100,-7,7,8,42,3,35,0,1,1,23,80,5,3,0,70
149,RIS_1,81,195,20,75,14,0,0,92,30,6,6,14,0,50,14,0,0,3,55,2,2,-7,82
150,RIS_0,72,75,1,40,13,0,0,100,-7,7,8,14,2,25,-7,0,0,60,70,3,2,0,87
151,RIS_0,67,220,1,65,22,0,0,95,0,4,6,24,3,50,0,2,2,43,70,4,2,1,66
152,RIS_0,57,160,0,70,0,5,4,70,33,6,5,8,2,45,0,2,2,-1,-7,0,1,0,66
153,RIS_0,63,60,4,35,5,0,0,55,2,4,6,6,2,40,0,0,0,-1,75,0,1,-7,58
154,RIS_1,78,210,5,85,22,0,0,100,-7,7,8,25,2,45,0,1,1,15,65,3,2,0,72
155,RIS_1,85,300,8,120,30,0,0,100,-7,7,8,30,1,50,0,0,0,10,70,4,1,0,80
156,RIS_1,65,150,3,70,20,1,0,90,5,3,5,20,3,40,2,2,2,20,50,5,2,0,60
157,RIS_1,88,350,10,130,25,0,0,100,-7,7,8,28,1,30,0,2,2,12,45,3,3,1,55
158,RIS_1,70,250,2,80,32,1,0,85,6,4,2,34,3,35,0,1,1,35,50,7,3,3,58
159,RIS_1,89,310,12,110,18,0,0,100,-7,7,8,18,2,55,0,1,1,6,-7,3,2,0,68
160,RIS_1,84,375,6,150,27,0,0,100,-7,7,8,30,1,15,14,0,0,11,-7,7,1,0,76
161,RIS_1,58,120,4,60,24,2,2,70,3,4,4,30,3,60,0,1,1,7,90,3,4,0,85
162,RIS_1,75,130,1,65,19,0,0,88,8,4,6,20,2,22,-6,2,2,6,87,3,2,0,45
163,RIS_1,83,230,35,130,16,0,0,86,11,6,6,16,0,21,3,1,1,2,-7,2,2,0,52
164,RIS_1,67,180,5,85,35,2,1,88,4,0,5,34,2,15,2,1,1,15,35,10,3,0,68
165,RIS_1,76,155,2,72,21,1,0,90,14,6,5,24,4,47,4,1,1,10,65,4,5,0,68
166,RIS_1,72,75,4,49,16,0,0,88,13,6,6,4,3,29,0,1,1,9,-7,3,1,0,39
167,RIS_1,79,170,7,83,30,0,0,100,-7,7,8,44,3,31,0,1,1,23,85,5,4,0,72
168,RIS_1,81,200,20,75,16,0,0,92,31,6,6,16,0,54,14,0,0,5,58,3,3,-7,84
169,RIS_0,74,85,3,43,15,0,0,100,-7,7,8,16,2,28,-7,0,0,60,74,5,3,0,89
170,RIS_0,69,225,3,71,24,0,0,95,2,4,6,26,3,53,0,2,2,45,75,6,3,1,68
171,RIS_0,57,170,2,72,2,5,4,74,33,6,5,10,2,51,0,2,2,1,-7,1,1,0,68
172,RIS_0,63,70,6,40,7,0,0,58,4,4,6,8,2,44,0,0,0,1,79,1,2,-7,61
173,RIS_1,78,210,5,89,22,0,0,95,12,6,6,22,2,45,3,1,1,15,42,3,2,0,68
174,RIS_1,85,300,8,120,25,0,0,100,-7,7,8,25,1,60,0,0,0,10,70,4,1,0,75
175,RIS_1,70,150,4,75,20,1,0,90,5,3,5,20,3,35,2,2,2,8,65,3,2,0,50
176,RIS_1,88,350,10,130,27,0,0,100,-7,7,8,27,1,25,0,2,2,12,50,2,3,1,55
177,RIS_1,65,250,2,80,30,1,0,85,8,4,2,30,3,30,0,1,1,30,45,7,3,3,60
178,RIS_1,89,310,12,110,18,0,0,100,-7,7,8,18,2,50,0,1,1,6,-7,2,2,0,70
179,RIS_1,87,375,6,150,25,0,0,100,-7,7,8,28,1,15,14,0,0,10,-7,7,1,0,80
180,RIS_1,58,120,6,60,22,2,2,70,3,4,4,28,3,60,0,1,1,7,85,2,4,0,85
181,RIS_1,75,130,3,65,17,0,0,88,10,4,6,18,2,20,-7,2,2,4,85,2,2,0,45
182,RIS_1,83,225,35,130,14,0,0,85,13,6,6,14,0,18,5,1,1,0,-7,1,2,0,52
183,RIS_1,67,175,5,85,33,2,1,88,4,0,5,32,2,15,4,1,1,15,30,10,3,0,65
184,RIS_1,76,155,2,70,19,1,0,90,16,6,5,22,4,45,6,1,1,10,60,3,5,0,65
185,RIS_1,74,75,4,48,14,0,0,88,15,6,6,2,3,25,2,1,1,9,-7,2,1,0,40
186,RIS_1,79,165,9,83,28,0,0,100,-7,7,8,42,3,28,0,1,1,22,80,5,4,0,70
187,RIS_1,81,200,20,75,14,0,0,92,33,6,6,14,0,50,16,0,0,3,55,2,3,-7,85
188,RIS_0,72,85,3,40,13,0,0,100,-7,7,8,14,2,25,-7,0,0,60,70,3,3,0,90
189,RIS_0,67,220,3,68,22,0,0,95,2,4,6,24,3,50,0,2,2,42,70,4,3,1,65
190,RIS_0,57,160,2,70,2,5,4,70,35,6,5,8,2,45,0,2,2,0,-7,0,1,0,65
191,RIS_0,63,70,6,38,5,0,0,55,4,4,6,6,2,40,0,0,0,0,75,0,2,-7,62
192,RIS_1,78,210,5,89,25,0,0,95,12,6,6,25,2,45,3,1,1,15,65,3,2,0,60
193,RIS_1,85,300,8,120,30,0,0,100,-7,7,8,30,1,50,0,0,0,10,70,4,1,0,75
194,RIS_1,72,150,2,70,20,1,0,90,8,5,5,20,3,40,2,2,2,20,60,5,3,0,55
195,RIS_1,88,320,10,130,28,0,0,100,-7,7,8,28,1,35,0,1,1,12,55,2,2,0,65
196,RIS_1,65,180,3,75,22,2,1,85,5,3,4,22,4,30,1,3,3,25,50,6,4,1,58
197,RIS_1,82,250,6,100,26,0,0,100,-7,7,8,26,2,55,0,2,2,8,75,3,3,0,70
198,RIS_1,76,280,7,110,24,0,0,100,-7,7,8,24,1,25,4,0,0,14,60,4,2,0,72
199,RIS_1,58,130,4,65,21,3,2,70,3,4,4,21,3,60,0,1,1,10,85,2,5,0,80
200,RIS_1,70,140,1,68,19,0,0,88,10,5,6,19,2,22,-7,2,2,6,82,2,2,0,42
201,RIS_1,84,230,35,125,16,0,0,86,11,6,6,16,0,21,5,1,1,2,-8,1,2,0,52
202,RIS_1,67,170,5,85,33,2,1,88,4,0,5,33,2,15,2,1,1,17,35,10,3,0,65
203,RIS_1,75,155,2,72,19,1,0,90,14,6,5,22,4,47,6,1,1,12,62,3,4,0,66
204,RIS_1,74,75,4,51,16,0,0,88,13,6,6,4,3,29,2,1,1,11,-8,2,1,0,40
205,RIS_1,79,165,9,83,28,0,0,100,-7,7,8,42,3,31,0,1,1,25,83,5,4,0,70
206,RIS_1,81,195,20,75,14,0,0,92,30,6,6,14,0,54,14,0,0,5,56,2,3,-8,82
207,RIS_0,72,85,3,43,13,0,0,100,-7,7,8,14,2,28,-8,0,0,60,72,3,3,0,87
208,RIS_0,67,225,3,71,22,0,0,95,2,4,6,24,3,51,0,2,2,45,73,4,3,1,66
209,RIS_0,57,166,2,72,2,5,4,74,33,6,5,8,2,49,0,2,2,1,-8,0,1,0,66
210,RIS_0,63,67,6,40,5,0,0,56,4,4,6,6,2,42,0,0,0,1,77,0,2,-8,59
211,RIS_1,78,210,5,89,22,0,0,100,-7,7,8,25,2,45,0,1,1,15,65,3,2,0,72
212,RIS_1,85,290,8,120,30,0,0,100,-7,7,8,32,1,35,0,0,0,10,70,4,1,0,68
213,RIS_1,72,150,3,75,20,1,0,92,5,3,5,18,3,40,2,2,2,8,60,2,3,0,55
214,RIS_1,88,320,10,130,28,0,0,100,-7,7,8,30,1,25,0,2,2,12,50,3,2,1,60
215,RIS_1,65,250,2,80,32,1,0,85,6,4,2,34,3,30,0,1,1,35,45,7,3,3,58
216,RIS_1,89,300,12,110,18,0,0,100,-7,7,8,18,2,50,0,1,1,6,-7,2,2,0,65
217,RIS_1,84,370,6,150,27,0,0,100,-7,7,8,28,1,15,14,0,0,11,-7,7,1,0,74
218,RIS_1,58,130,4,65,24,2,2,70,3,4,4,30,3,60,0,1,1,7,85,2,4,0,85
219,RIS_1,75,135,1,68,19,0,0,88,8,4,6,20,2,20,-6,2,2,4,85,2,2,0,45
220,RIS_1,83,230,35,130,16,0,0,86,11,6,6,16,0,19,3,1,1,2,-7,1,2,0,52
221,RIS_1,67,180,3,85,33,2,1,88,4,0,5,32,2,15,2,1,1,15,30,10,3,0,66
222,RIS_1,76,160,2,74,21,1,0,90,14,6,5,24,4,45,4,1,1,10,60,3,5,0,66
223,RIS_1,74,80,4,52,16,0,0,88,13,6,6,4,3,25,0,1,1,9,-7,2,1,0,40
224,RIS_1,79,170,7,85,30,0,0,100,-7,7,8,42,3,28,0,1,1,23,80,5,4,0,70
225,RIS_1,81,200,20,75,16,0,0,92,30,6,6,16,0,50,14,0,0,5,55,2,3,-7,82
226,RIS_0,74,85,3,43,15,0,0,100,-7,7,8,16,2,26,-7,0,0,60,70,4,3,0,87
227,RIS_0,69,230,3,72,24,0,0,95,2,4,6,26,3,50,0,2,2,43,70,5,3,1,66
228,RIS_0,57,170,2,72,2,5,4,74,33,6,5,10,2,48,0,2,2,1,-7,0,1,0,66
229,RIS_0,63,70,6,40,7,0,0,56,4,4,6,8,2,42,0,0,0,1,75,0,2,-7,62
230,RIS_1,78,210,5,89,25,0,0,95,12,6,6,25,2,45,2,1,1,15,65,3,2,0,60
231,RIS_1,85,320,8,120,30,0,0,100,-7,7,8,30,1,50,0,0,0,10,70,4,1,0,75
232,RIS_1,72,145,3,70,20,1,0,90,8,4,5,20,3,40,1,2,2,20,55,5,3,0,65
233,RIS_1,88,350,10,130,28,0,0,100,-7,7,8,28,1,30,0,1,1,12,60,2,2,0,70
234,RIS_1,65,250,2,80,35,1,0,85,7,4,2,35,3,35,0,1,1,35,50,8,3,3,60
235,RIS_1,89,310,12,110,18,0,0,100,-7,7,8,18,2,55,0,2,2,6,-8,2,2,0,68
236,RIS_1,84,375,6,150,25,0,0,100,-7,7,8,28,1,15,14,0,0,11,-8,7,1,0,74
237,RIS_1,58,125,4,62,22,2,2,70,3,4,4,28,3,60,0,1,1,7,85,2,4,0,85
238,RIS_1,75,130,1,66,17,0,0,88,10,4,6,18,2,20,-7,2,2,4,85,2,2,0,45
239,RIS_1,83,225,36,130,14,0,0,86,13,6,6,14,0,19,5,1,1,0,-8,1,2,0,49
240,RIS_1,67,175,3,85,33,2,1,88,4,0,5,32,2,13,4,1,1,15,32,10,3,0,66
241,RIS_1,76,155,0,72,19,1,0,90,16,6,5,22,4,47,6,1,1,10,63,3,5,0,66
242,RIS_1,74,75,2,49,14,0,0,88,15,6,6,2,3,27,2,1,1,9,-8,2,1,0,37
243,RIS_1,79,166,7,83,28,0,0,100,-7,7,8,42,3,29,0,1,1,23,83,5,4,0,70
244,RIS_1,81,200,20,75,14,0,0,92,33,6,6,14,0,52,16,0,0,3,56,2,3,-8,82
245,RIS_0,72,85,1,43,13,0,0,100,-7,7,8,14,2,26,-7,0,0,60,72,3,3,0,87
246,RIS_0,69,225,1,71,22,0,0,95,2,4,6,24,3,51,0,3,3,43,73,4,3,1,66
247,RIS_0,57,170,0,72,0,7,6,74,35,6,5,8,2,49,0,3,3,-1,-8,-1,1,0,66
248,RIS_0,63,70,4,40,5,0,0,56,4,4,6,6,2,42,0,0,0,-1,77,-1,2,-8,59
249,RIS_1,78,210,5,89,22,0,0,100,-7,7,8,25,2,45,0,1,1,15,65,3,2,0,72
250,RIS_1,85,290,8,112,28,0,0,100,-7,7,8,30,1,38,0,0,0,10,70,4,1,0,80
251,RIS_1,72,145,3,75,19,1,0,92,5,3,5,20,3,40,2,2,2,8,60,3,2,0,50
252,RIS_1,88,320,10,125,27,0,0,100,-7,7,8,28,1,30,0,2,2,12,50,2,3,1,55
253,RIS_1,65,250,2,82,32,1,0,85,6,4,2,34,3,35,0,1,1,35,45,7,3,3,60
254,RIS_1,89,300,12,110,18,0,0,100,-7,7,8,18,2,55,0,1,1,6,-7,2,2,0,65
255,RIS_1,84,370,6,150,25,0,0,100,-7,7,8,28,1,15,14,0,0,11,-7,7,1,0,74
256,RIS_1,58,130,4,65,24,2,2,70,3,4,4,30,3,60,0,1,1,7,85,2,4,0,85
257,RIS_1,76,135,1,68,19,0,0,88,8,4,6,20,2,22,-6,2,2,6,85,2,2,0,45
258,RIS_1,83,230,35,130,16,0,0,86,11,6,6,16,0,21,3,1,1,2,-7,1,2,0,52
259,RIS_0,70,170,3,85,33,2,1,88,4,0,5,32,2,15,2,1,1,15,30,10,3,0,65
260,RIS_0,75,150,2,72,21,1,0,90,14,6,5,24,4,47,4,1,1,10,60,3,5,0,66
261,RIS_0,74,70,4,49,16,0,0,88,13,6,6,4,3,27,0,1,1,9,-7,2,1,0,37
262,RIS_0,79,160,7,83,28,0,0,100,-7,7,8,42,3,31,0,1,1,23,80,5,4,0,70
263,RIS_0,81,195,20,75,16,0,0,92,31,6,6,16,0,52,14,0,0,5,55,2,3,-7,82
264,RIS_0,72,75,1,41,15,0,0,100,-7,7,8,16,2,26,-7,0,0,60,70,4,3,0,87
265,RIS_0,67,220,3,69,24,0,0,95,2,4,6,26,3,51,0,2,2,43,70,5,3,1,66
266,RIS_0,57,160,2,70,2,5,4,74,33,6,5,10,2,49,0,2,2,1,-7,0,1,0,66
267,RIS_0,63,60,4,38,7,0,0,56,4,4,6,8,2,42,0,0,0,1,75,0,2,-7,59
268,RIS_0,73,155,68,105,10,2,2,100,-7,0,8,12,0,1,0,0,0,4,-7,1,-7,0,12
269,RIS_1,78,210,5,89,25,0,0,95,12,6,6,25,2,45,3,1,1,15,65,3,2,0,60
270,RIS_1,85,300,8,120,30,0,0,100,-7,7,8,30,1,50,0,0,0,10,70,4,1,0,75
271,RIS_1,65,150,2,75,20,1,0,90,5,3,5,20,3,40,2,2,2,20,50,5,3,0,55
272,RIS_1,88,350,10,130,28,0,0,100,-7,7,8,28,1,30,0,1,1,12,55,2,2,1,65
273,RIS_1,70,250,1,80,35,1,0,85,8,4,2,35,3,35,0,1,1,30,45,7,3,3,60
274,RIS_1,89,310,12,110,18,0,0,100,-7,7,8,18,2,55,0,2,2,6,-7,2,2,0,70
275,RIS_1,84,375,6,150,25,0,0,100,-7,7,8,28,1,15,14,0,0,11,-7,7,1,0,80
276,RIS_1,58,120,4,60,22,2,2,70,3,4,4,28,3,60,0,1,1,7,85,2,4,0,85
277,RIS_1,75,125,3,65,17,0,0,88,10,4,6,18,2,20,-7,2,2,4,85,2,2,0,45
278,RIS_1,83,215,36,130,14,0,0,86,13,6,6,14,0,25,5,1,1,2,-7,1,2,0,55
279,RIS_1,67,170,5,85,33,2,1,88,4,0,5,32,2,15,4,1,1,15,30,10,3,0,70
280,RIS_1,76,150,2,70,19,1,0,90,16,6,5,22,4,45,6,1,1,10,60,3,5,0,70
281,RIS_1,72,70,4,45,14,0,0,88,15,6,6,2,3,25,2,1,1,9,-7,2,1,0,40
282,RIS_1,79,160,9,80,28,0,0,100,-7,7,8,42,3,35,0,1,1,23,80,5,4,0,75
283,RIS_1,81,195,20,75,14,0,0,92,33,6,6,14,0,50,16,0,0,3,55,2,3,-7,85
284,RIS_0,74,75,3,40,13,0,0,100,-7,7,8,14,2,25,-7,0,0,60,70,3,3,0,90
285,RIS_0,69,220,3,65,22,0,0,95,2,4,6,24,3,50,0,4,4,45,70,4,3,1,70
286,RIS_0,57,160,2,70,2,5,4,70,35,6,5,8,2,45,0,4,4,1,-7,0,1,0,70
287,RIS_0,63,60,6,35,5,0,0,55,4,4,6,6,2,40,0,1,1,1,75,0,2,-7,65
288,RIS_1,78,210,5,85,25,0,0,95,-7,7,8,25,2,45,0,1,1,15,65,3,2,0,70
289,RIS_1,85,300,8,120,20,0,0,100,-7,7,8,20,1,50,0,0,0,10,70,2,1,0,60
290,RIS_1,72,150,3,70,18,1,0,90,5,3,5,18,3,40,2,2,2,20,60,4,2,0,55
291,RIS_1,88,350,10,130,30,0,0,100,-7,7,8,30,1,30,0,0,0,12,75,3,1,0,65
292,RIS_1,65,250,2,80,22,1,0,85,6,4,3,22,4,35,1,1,1,25,50,5,3,0,58
293,RIS_1,90,310,12,110,19,0,0,100,-7,7,8,19,2,55,0,1,1,8,-8,3,2,0,68
294,RIS_1,84,370,6,150,28,0,0,100,-7,7,8,28,1,15,14,0,0,14,-8,7,1,0,72
295,RIS_1,58,120,4,60,24,2,1,75,3,4,4,24,3,60,0,2,2,10,85,3,4,0,80
296,RIS_1,76,130,1,65,19,0,0,88,8,4,6,19,2,22,-7,1,1,6,82,3,2,0,46
297,RIS_1,83,230,35,130,16,0,0,86,11,6,6,16,0,18,3,0,0,2,-8,2,2,0,52
298,RIS_0,74,170,3,80,15,1,1,88,4,0,5,15,2,20,2,0,0,20,35,10,3,0,65
299,RIS_0,75,155,2,72,21,1,0,90,14,6,5,21,3,45,4,0,0,12,60,4,5,0,66
300,RIS_0,71,70,4,48,14,0,0,88,13,6,6,14,2,25,0,0,0,9,-8,3,1,0,40
301,RIS_0,79,165,7,82,30,0,0,100,-7,7,8,30,2,28,0,0,0,22,80,5,3,0,70
302,RIS_0,81,200,20,75,16,0,0,92,30,6,6,16,0,50,14,0,0,5,55,3,3,-8,80
303,RIS_0,70,75,1,40,13,0,0,100,-7,7,8,13,1,25,-8,0,0,60,70,5,2,0,85
304,RIS_0,67,220,3,68,22,0,0,95,2,4,6,22,2,50,0,2,2,42,72,6,2,1,65
305,RIS_0,57,160,2,70,12,5,4,70,33,6,5,12,1,48,0,2,2,2,-8,1,1,0,65
306,RIS_0,60,65,4,38,7,0,0,55,4,4,6,7,1,40,0,0,0,1,75,1,2,-8,58
307,RIS_1,78,210,5,85,22,0,0,100,-7,7,8,25,2,45,0,1,1,15,65,3,2,0,72
308,RIS_1,85,290,8,120,30,0,0,100,-7,7,8,32,1,50,0,0,0,10,70,4,1,0,80
309,RIS_1,72,150,2,70,18,1,0,92,5,3,5,20,3,40,2,2,2,8,60,3,2,0,55
310,RIS_1,88,320,10,130,25,0,0,100,-7,7,8,28,1,30,0,2,2,12,50,2,3,1,60
311,RIS_1,65,250,1,80,32,1,0,85,6,4,2,34,3,35,0,1,1,35,45,7,3,3,58
312,RIS_1,89,300,12,110,16,0,0,100,-7,7,8,18,2,55,0,1,1,6,-7,2,2,0,68
313,RIS_1,84,370,6,150,25,0,0,100,-7,7,8,30,1,15,14,0,0,11,-7,7,1,0,76
314,RIS_1,58,120,4,60,22,2,2,70,3,4,4,28,3,60,0,1,1,7,85,2,4,0,85
315,RIS_1,75,125,1,65,17,0,0,88,8,4,6,18,2,20,-6,2,2,4,85,2,2,0,45
316,RIS_1,83,215,35,130,14,0,0,86,11,6,6,14,0,25,3,1,1,2,-7,1,2,0,55
317,RIS_1,67,170,3,85,33,2,1,88,4,0,5,32,2,15,2,1,1,15,30,10,3,0,68
318,RIS_1,76,150,0,70,19,1,0,90,14,6,5,22,4,45,4,1,1,10,60,3,5,0,68
319,RIS_1,74,70,2,45,14,0,0,88,13,6,6,2,3,25,0,1,1,9,-7,2,1,0,40
320,RIS_1,79,160,7,80,28,0,0,100,-7,7,8,42,3,35,0,1,1,23,80,5,4,0,72
321,RIS_1,81,195,20,75,14,0,0,92,30,6,6,14,0,50,14,0,0,3,55,2,3,-7,84
322,RIS_0,72,75,1,40,13,0,0,100,-7,7,8,14,2,25,-7,0,0,60,70,3,3,0,87
323,RIS_0,67,220,1,65,22,0,0,95,2,4,6,24,3,50,0,2,2,43,70,4,3,1,68
324,RIS_0,57,160,0,70,0,5,4,70,33,6,5,8,2,45,0,2,2,-1,-7,0,1,0,68
325,RIS_0,63,60,4,35,5,0,0,55,4,4,6,6,2,40,0,0,0,-1,75,0,2,-7,65
326,RIS_1,78,210,5,89,25,0,0,95,12,6,6,25,2,45,3,1,1,15,65,3,2,0,60
327,RIS_1,85,300,8,120,30,0,0,100,-7,7,8,30,1,50,0,0,0,10,70,4,1,0,75
328,RIS_1,65,150,2,70,20,1,0,90,5,3,5,20,3,40,2,2,2,20,50,5,3,0,55
329,RIS_1,90,350,10,130,35,0,0,100,-7,7,8,35,1,30,0,1,1,5,80,2,1,0,80
330,RIS_1,70,250,1,80,28,1,0,85,8,4,4,28,3,35,1,1,1,30,45,7,2,2,65
331,RIS_1,88,310,12,110,18,0,0,100,-7,7,8,18,2,55,0,2,2,7,-8,3,2,0,70
332,RIS_1,84,375,6,150,25,0,0,100,-7,7,8,28,1,15,14,0,0,13,-8,7,1,0,72
333,RIS_1,58,130,4,65,22,2,1,75,3,4,4,28,3,60,0,1,1,9,85,3,4,0,85
334,RIS_1,76,135,3,68,19,0,0,90,10,5,6,20,2,25,-7,3,3,6,87,3,2,0,45
335,RIS_1,83,225,35,130,16,0,0,88,11,6,6,16,0,22,5,1,1,2,-8,2,2,0,52
336,RIS_1,67,180,5,85,33,2,1,90,4,1,5,32,2,15,4,1,1,17,35,10,3,0,68
337,RIS_1,79,160,2,74,21,1,0,92,16,6,5,24,4,50,6,1,1,12,65,4,5,0,68
338,RIS_1,75,80,4,52,16,0,0,90,15,6,6,4,3,30,2,1,1,11,-8,3,1,0,40
339,RIS_1,80,170,9,85,30,0,0,100,-7,7,8,44,3,35,0,1,1,25,85,7,4,0,72
340,RIS_1,81,200,20,75,16,0,0,94,33,6,6,16,0,55,16,0,0,5,58,3,3,-8,84
341,RIS_0,74,85,3,43,15,0,0,100,-7,7,8,16,2,28,-8,0,0,62,74,5,3,0,89
342,RIS_0,69,230,3,71,24,0,0,97,2,4,6,26,3,53,0,4,4,45,75,6,3,1,68
343,RIS_0,57,170,2,72,2,7,6,76,35,6,5,10,2,51,0,4,4,1,-8,1,1,0,68
344,RIS_0,63,70,6,40,7,0,0,58,4,4,6,8,2,44,0,1,1,1,79,1,2,-8,61
345,RIS_1,78,210,5,89,25,0,0,95,12,6,6,25,2,45,3,1,1,15,65,3,2,0,60
346,RIS_1,85,320,8,110,30,0,0,100,-7,7,8,30,1,50,0,0,0,10,70,4,1,0,75
347,RIS_1,72,150,2,70,20,1,0,90,8,4,5,20,3,40,2,2,2,20,60,3,3,0,55
348,RIS_1,88,340,10,120,28,0,0,100,-7,7,8,28,1,30,0,1,1,12,50,2,2,1,65
349,RIS_1,65,250,1,80,32,1,0,85,6,3,2,32,3,35,0,1,1,35,45,7,3,3,58
350,RIS_1,89,310,12,105,16,0,0,100,-7,7,8,16,2,55,0,2,2,6,-7,2,2,0,68
351,RIS_1,84,370,6,150,25,0,0,100,-7,7,8,28,1,15,14,0,0,11,-7,7,1,0,74
352,RIS_1,58,120,4,60,22,2,2,70,1,3,3,28,3,60,0,1,1,7,85,2,4,0,85
353,RIS_1,75,125,1,65,17,0,0,88,8,3,5,18,2,20,-6,2,2,4,85,2,2,0,45
354,RIS_1,83,215,36,130,14,0,0,86,11,5,5,14,0,19,3,1,1,0,-7,1,2,0,49
355,RIS_1,67,170,3,85,33,2,1,88,2,0,4,32,2,13,2,1,1,15,30,10,3,0,66
356,RIS_1,76,150,0,70,19,1,0,90,14,5,4,22,4,47,4,1,1,10,60,3,5,0,66
357,RIS_1,74,70,2,45,14,0,0,88,13,5,5,2,3,27,0,1,1,9,-7,2,1,0,37
358,RIS_1,79,160,7,80,28,0,0,100,-7,7,8,42,3,29,0,1,1,23,80,5,4,0,70
359,RIS_1,81,195,20,75,14,0,0,92,31,5,5,14,0,52,14,0,0,3,55,2,3,-7,82
360,RIS_0,74,75,1,40,13,0,0,100,-7,7,8,14,2,26,-7,0,0,60,70,4,3,0,87
361,RIS_0,69,220,1,65,22,0,0,95,0,3,5,24,3,51,0,2,2,43,70,5,3,1,66
362,RIS_0,57,160,0,70,0,5,4,70,33,5,4,8,2,49,0,2,2,-1,-7,0,1,0,66
363,RIS_0,63,60,4,35,5,0,0,55,2,3,5,6,2,42,0,0,0,-1,75,0,2,-7,59
364,RIS_1,78,210,5,85,25,0,0,95,12,6,6,25,2,45,4,1,1,15,65,3,2,0,60
365,RIS_1,85,300,8,120,30,0,0,100,-7,7,8,30,1,50,0,0,0,10,70,4,1,0,75
366,RIS_1,65,150,2,70,20,1,0,90,5,3,5,20,3,40,2,2,2,20,50,5,3,0,55
367,RIS_1,88,320,10,130,28,0,0,100,-7,7,8,28,1,30,0,2,2,12,60,2,2,1,65
368,RIS_1,70,250,3,80,22,1,0,88,8,4,4,22,4,35,1,1,1,25,55,6,2,2,58
369,RIS_1,82,280,6,110,26,0,0,100,-7,7,8,26,2,55,0,1,1,8,75,3,1,0,70
370,RIS_1,84,350,9,140,27,0,0,100,-7,7,8,27,1,20,10,0,0,14,80,7,1,0,80
371,RIS_1,60,130,4,65,24,2,1,75,3,4,4,24,3,60,0,1,1,10,85,3,3,0,85
372,RIS_1,72,140,1,68,19,0,0,92,10,5,7,19,2,25,-7,2,2,6,90,2,2,0,45
373,RIS_1,80,230,35,125,16,0,0,90,11,5,5,16,0,22,3,1,1,2,85,1,2,0,52
374,RIS_1,67,180,5,88,35,1,1,90,4,1,6,34,2,15,2,1,1,18,40,10,3,0,68
375,RIS_1,76,170,2,74,21,1,0,93,14,5,5,22,4,45,4,1,1,12,70,4,4,0,65
376,RIS_1,75,90,4,55,16,0,0,90,13,5,5,4,3,30,2,1,1,11,85,3,1,0,40
377,RIS_1,79,175,9,86,30,0,0,100,-7,7,8,44,3,35,0,1,1,26,80,5,4,0,72
378,RIS_1,81,205,20,78,16,0,0,94,30,5,5,16,0,50,12,0,0,5,60,3,3,-8,82
379,RIS_0,74,85,3,45,15,0,0,100,-7,7,8,16,2,28,-8,0,0,60,75,5,3,0,87
380,RIS_0,69,230,3,72,24,0,0,97,2,5,7,26,3,53,0,2,2,45,75,6,3,1,68
381,RIS_0,58,170,2,73,2,5,4,78,33,5,5,10,2,52,0,2,2,1,85,1,1,0,68
382,RIS_0,64,70,6,42,7,0,0,60,4,5,7,8,2,45,0,0,0,1,80,1,2,-8,62
383,RIS_1,78,210,5,89,25,0,0,95,12,6,6,25,2,45,4,1,1,15,65,3,2,0,60
384,RIS_1,85,300,8,120,30,0,0,100,-7,7,8,30,1,50,0,0,0,10,70,4,1,0,75
385,RIS_1,72,150,3,75,20,1,0,90,8,4,5,20,3,40,2,2,2,20,60,5,3,0,65
386,RIS_1,88,320,10,110,28,0,0,100,-7,7,8,28,1,55,0,1,1,12,75,3,2,0,80
387,RIS_1,65,180,2,80,22,2,1,85,5,3,4,22,4,35,3,3,3,25,55,6,4,1,70
388,RIS_1,82,250,6,95,26,0,0,100,-7,7,8,26,2,60,0,2,2,18,80,4,3,0,85
389,RIS_1,70,140,4,70,18,1,0,92,10,5,5,18,2,38,1,1,1,22,58,3,2,0,62
390,RIS_1,86,290,7,105,27,0,0,100,-7,7,8,27,1,52,0,0,0,14,72,4,2,0,78
391,RIS_1,68,170,1,78,21,2,1,88,6,4,5,21,3,42,2,2,2,24,62,5,3,1,68
392,RIS_1,84,280,9,100,29,0,0,100,-7,7,8,29,1,58,0,1,1,16,78,3,2,0,82
393,RIS_1,74,160,5,72,19,1,0,93,9,5,5,19,2,44,1,1,1,21,64,4,3,0,66
394,RIS_1,87,310,11,115,31,0,0,100,-7,7,8,31,1,65,0,0,0,11,77,3,1,0,88
395,RIS_1,67,190,3,82,23,2,1,87,7,4,5,23,4,48,3,3,3,26,68,6,4,1,72
396,RIS_1,83,270,8,98,24,0,0,100,-7,7,8,24,2,56,0,2,2,17,74,4,3,0,84
397,RIS_0,71,130,2,65,16,1,1,85,15,6,6,16,3,30,-7,0,0,50,70,5,4,1,90
398,RIS_0,64,200,4,88,14,3,2,80,20,5,7,14,5,25,1,4,4,45,60,7,5,2,85
399,RIS_0,58,120,6,60,10,2,2,75,25,6,7,10,4,20,-7,2,2,55,55,6,3,1,80
400,RIS_0,69,230,7,92,17,1,1,90,18,5,6,17,3,35,0,3,3,40,65,5,4,2,88
401,RIS_0,62,110,1,58,12,4,3,70,30,7,8,12,6,15,-7,1,1,60,50,8,6,3,95
402,RIS_1,78,210,5,89,22,0,0,100,-7,7,8,25,2,45,0,1,1,15,65,3,2,0,72
403,RIS_1,85,290,8,120,28,0,0,100,-7,7,8,30,1,35,0,0,0,10,70,4,1,0,80
404,RIS_1,72,150,3,75,20,1,0,92,5,3,5,18,3,40,2,2,2,8,60,3,2,0,50
405,RIS_1,88,320,10,130,25,0,0,100,-7,7,8,27,1,30,0,2,2,12,55,2,3,1,55
406,RIS_1,65,250,2,80,32,1,0,85,6,4,2,34,3,33,0,1,1,35,50,7,3,3,60
407,RIS_1,89,300,12,110,18,0,0,100,-7,7,8,18,2,50,0,3,3,6,-7,2,2,0,65
408,RIS_1,84,370,8,150,27,0,0,100,-7,7,8,30,1,15,14,0,0,11,-7,7,1,0,74
409,RIS_1,58,130,6,65,24,2,2,75,3,4,4,30,3,60,0,1,1,7,85,2,4,0,85
410,RIS_1,75,135,3,70,19,0,0,90,8,4,6,20,2,22,-6,2,2,6,87,2,2,0,45
411,RIS_1,83,230,35,130,16,0,0,88,11,6,6,16,0,21,3,1,1,2,-7,1,2,0,52
412,RIS_1,67,180,5,85,33,2,1,90,4,0,5,32,2,15,2,1,1,15,35,10,3,0,68
413,RIS_1,76,160,2,75,21,1,0,92,14,6,5,24,4,47,4,1,1,10,65,3,5,0,68
414,RIS_1,74,80,4,55,16,0,0,90,13,6,6,4,3,29,0,1,1,9,-7,2,1,0,40
415,RIS_1,79,170,9,85,30,0,0,100,-7,7,8,44,3,31,0,1,1,23,85,5,4,0,72
416,RIS_1,81,200,20,75,16,0,0,94,30,6,6,16,0,54,14,0,0,5,58,2,3,-7,84
417,RIS_0,74,85,3,45,15,0,0,100,-7,7,8,16,2,28,-7,0,0,60,75,4,3,0,87
418,RIS_0,69,230,3,72,24,0,0,97,2,4,6,26,3,53,0,2,2,45,75,5,3,1,68
419,RIS_0,57,170,2,72,2,5,4,76,33,6,5,10,2,51,0,2,2,1,-7,0,1,0,68
420,RIS_0,63,70,6,40,7,0,0,58,4,4,6,8,2,44,0,0,0,1,77,0,2,-7,62
421,RIS_0,73,165,70,105,10,2,2,100,-7,0,8,12,0,1,0,0,0,4,-7,1,-7,0,12
422,RIS_1,78,210,5,89,25,0,0,95,-7,7,8,25,2,45,0,1,1,15,65,3,2,0,70
423,RIS_1,85,300,8,120,30,0,0,100,-7,7,8,30,1,50,0,0,0,10,70,4,1,0,75
424,RIS_1,65,150,3,75,20,1,0,90,5,3,5,20,3,40,2,2,2,20,50,5,3,0,60
425,RIS_1,88,350,10,130,28,0,0,100,-7,7,8,28,1,30,0,2,2,12,45,2,2,1,55
426,RIS_1,70,250,2,80,35,1,0,85,6,4,2,35,3,35,0,1,1,35,50,7,3,3,65
427,RIS_1,89,310,12,110,18,0,0,100,-7,7,8,18,2,55,0,1,1,6,-8,2,2,0,70
428,RIS_1,87,375,8,150,27,0,0,100,-7,7,8,30,1,15,14,0,0,11,-8,7,1,0,80
429,RIS_1,58,120,4,60,24,2,2,70,3,4,4,30,3,60,0,1,1,7,90,2,4,0,85
430,RIS_1,75,130,1,65,19,0,0,88,8,4,6,20,2,20,-7,2,2,4,90,2,2,0,45
431,RIS_1,83,225,35,130,16,0,0,86,11,6,6,16,0,25,3,1,1,2,-8,1,2,0,55
432,RIS_1,67,175,5,85,35,2,1,88,4,0,5,34,2,15,2,1,1,15,35,10,3,0,70
433,RIS_1,76,155,2,72,21,1,0,90,14,6,5,24,4,50,4,1,1,10,65,3,5,0,70
434,RIS_1,74,75,4,55,16,0,0,88,13,6,6,4,3,30,0,1,1,9,-8,2,1,0,40
435,RIS_1,79,170,7,85,30,0,0,100,-7,7,8,45,3,35,0,1,1,23,85,5,4,0,75
436,RIS_1,81,200,20,75,16,0,0,92,30,6,6,16,0,55,14,0,0,5,60,2,3,-8,85
437,RIS_0,72,85,3,45,15,0,0,100,-7,7,8,16,2,30,-7,0,0,60,75,4,3,0,90
438,RIS_0,69,225,3,75,24,0,0,95,2,4,6,26,3,55,0,2,2,45,75,5,3,1,70
439,RIS_0,57,170,2,70,2,5,4,70,35,6,5,10,2,55,0,2,2,1,-8,0,1,0,70
440,RIS_0,63,70,6,40,7,0,0,60,4,4,6,8,2,45,0,0,0,1,80,0,2,-8,65
441,RIS_1,78,210,5,89,25,0,0,95,12,6,6,25,2,45,3,1,1,15,65,3,2,0,60
442,RIS_1,85,300,8,120,30,0,0,100,-7,7,8,30,1,50,0,0,0,10,70,4,1,0,75
443,RIS_1,72,150,2,70,20,1,0,90,8,4,5,20,3,40,2,2,2,20,60,5,3,0,55
444,RIS_1,88,350,10,130,35,0,0,100,-7,7,8,35,1,30,0,1,1,12,50,2,2,1,65
445,RIS_1,65,250,1,80,30,1,0,85,7,4,2,30,3,35,0,1,1,35,45,7,3,3,60
446,RIS_1,89,310,12,110,18,0,0,100,-7,7,8,18,2,55,0,2,2,6,-7,2,2,0,70
447,RIS_1,84,375,6,150,25,0,0,100,-7,7,8,28,1,15,14,0,0,11,-7,7,1,0,80
448,RIS_1,58,120,4,60,22,2,2,70,2,4,4,28,3,60,0,1,1,7,85,2,4,0,85
449,RIS_1,75,125,1,65,17,0,0,88,10,4,6,18,2,20,-7,2,2,4,85,2,2,0,45
450,RIS_1,83,215,36,130,14,0,0,86,13,6,6,14,0,19,5,1,1,0,-7,1,2,0,55
451,RIS_1,67,170,3,85,33,2,1,88,4,0,5,32,2,13,4,1,1,15,30,10,3,0,70
452,RIS_1,76,150,0,70,19,1,0,90,16,6,5,22,4,45,6,1,1,10,60,3,5,0,70
453,RIS_1,74,70,2,45,14,0,0,88,15,6,6,2,3,25,2,1,1,9,-7,2,1,0,40
454,RIS_1,79,160,7,80,28,0,0,100,-7,7,8,42,3,25,0,1,1,23,80,5,4,0,75
455,RIS_1,81,195,20,75,14,0,0,92,33,6,6,14,0,50,16,0,0,3,55,2,3,-7,85
456,RIS_0,74,75,1,40,13,0,0,100,-7,7,8,14,2,25,-7,0,0,60,70,3,3,0,90
457,RIS_0,69,220,1,65,22,0,0,95,2,4,6,24,3,50,0,3,3,43,70,4,3,1,70
458,RIS_0,57,160,0,70,0,7,6,70,35,6,5,8,2,45,0,4,4,-1,-7,-1,1,0,70
459,RIS_0,63,60,4,35,5,0,0,55,4,4,6,6,2,40,0,0,0,-1,75,-1,2,-7,65
460,RIS_1,78,210,5,85,22,0,0,95,12,6,6,22,2,45,2,1,1,15,65,3,2,0,55
461,RIS_1,85,300,8,120,25,0,0,100,-7,7,8,25,1,60,0,0,0,10,70,4,1,0,75
462,RIS_1,70,150,3,70,20,1,0,90,5,3,5,20,3,40,1,2,2,20,50,5,2,0,60
463,RIS_1,88,350,10,130,30,0,0,100,-7,7,8,30,1,25,0,1,1,12,45,2,3,1,52
464,RIS_1,65,250,2,80,35,1,0,85,8,4,2,35,3,35,0,1,1,35,50,7,3,3,58
465,RIS_1,89,310,12,110,18,0,0,100,-7,7,8,18,2,50,0,2,2,6,-7,2,2,0,65
466,RIS_1,87,375,8,150,27,0,0,100,-7,7,8,30,1,15,14,0,0,13,-7,7,1,0,74
467,RIS_1,57,120,6,60,24,2,2,70,3,4,4,30,3,60,0,1,1,9,85,3,4,0,85
468,RIS_1,75,130,3,65,19,0,0,88,10,4,6,20,2,22,-7,2,2,6,85,3,2,0,45
469,RIS_1,83,225,35,130,16,0,0,86,11,6,6,16,0,21,3,1,1,2,-7,2,2,0,51
470,RIS_1,67,175,5,85,35,2,1,88,4,0,5,34,2,15,2,1,1,17,35,10,3,0,66
471,RIS_1,76,155,2,72,21,1,0,90,16,6,5,24,4,47,4,1,1,12,65,4,5,0,66
472,RIS_1,74,75,4,49,16,0,0,88,15,6,6,4,3,27,2,1,1,11,-7,3,1,0,39
473,RIS_1,79,170,7,83,30,0,0,100,-7,7,8,44,3,31,0,1,1,25,85,5,4,0,70
474,RIS_1,81,200,20,75,16,0,0,92,33,6,6,16,0,52,14,0,0,5,55,3,3,-7,82
475,RIS_0,72,85,3,43,15,0,0,100,-7,7,8,16,2,28,-7,0,0,60,70,5,3,0,87
476,RIS_0,67,225,3,71,24,0,0,95,2,4,6,26,3,51,0,4,4,45,75,6,3,1,66
477,RIS_0,57,170,2,70,2,5,4,74,35,6,5,10,2,49,0,4,4,1,-7,1,1,0,66
478,RIS_0,63,70,4,40,7,0,0,56,4,4,6,8,2,42,0,1,1,1,75,1,2,-7,59
479,RIS_1,78,210,5,85,25,0,0,95,12,6,6,25,2,45,3,1,1,15,60,3,2,0,65
480,RIS_1,85,300,8,120,30,0,0,100,-7,7,8,30,1,50,0,0,0,10,70,4,1,0,75
481,RIS_1,72,150,2,70,20,1,0,90,5,3,5,20,3,40,2,2,2,20,50,5,3,0,60
482,RIS_1,88,320,10,130,35,0,0,100,-7,7,8,35,1,30,0,1,1,12,55,2,2,0,70
483,RIS_1,65,200,1,80,15,2,1,85,8,4,4,15,4,35,1,3,3,25,45,6,4,1,55
484,RIS_1,90,350,12,140,40,0,0,100,-7,7,8,40,2,25,0,0,0,8,65,3,1,0,80
485,RIS_1,70,180,3,75,22,1,0,92,6,5,5,22,2,38,4,1,1,18,52,4,3,0,62
486,RIS_1,82,280,6,110,28,0,0,98,10,6,6,28,1,42,0,0,0,14,68,3,2,0,72
487,RIS_1,75,190,4,78,24,0,0,94,7,5,5,24,3,36,5,1,1,16,58,5,4,0,68
488,RIS_0,68,170,1,72,18,1,1,88,9,4,6,18,2,33,-7,0,0,50,70,4,3,1,85
489,RIS_0,60,140,2,65,12,3,2,80,15,6,6,12,3,28,0,2,2,40,60,3,2,0,75
490,RIS_0,55,130,3,60,10,4,3,75,20,6,6,10,4,25,1,3,3,35,55,2,3,1,70
491,RIS_0,65,160,4,68,14,2,1,82,12,5,5,14,2,30,-7,1,1,45,65,3,2,0,80
492,RIS_0,58,120,5,55,8,5,4,70,25,6,6,8,5,20,0,4,4,30,50,1,4,2,65
493,RIS_0,70,180,6,70,16,1,0,85,10,4,4,16,1,35,-7,0,0,55,75,2,1,0,90
494,RIS_0,62,150,7,63,11,3,2,78,18,5,5,11,3,22,0,2,2,38,62,4,3,1,72
495,RIS_0,67,170,8,67,13,2,1,83,14,5,5,13,2,27,-7,1,1,42,67,3,2,0,78
496,RIS_0,59,110,9,50,7,6,5,65,30,6,6,7,6,15,0,5counting,5,25,45,0,5,3,60
497,RIS_0,64,140,10,58,9,4,3,72,22,6,6,9,4,18,-7,3,3,32,58,1,4,2,68
498,RIS_1,78,210,5,89,22,0,0,95,-7,7,8,22,2,45,0,1,1,15,65,3,2,0,72
499,RIS_1,85,290,8,120,25,0,0,100,-7,7,8,25,1,30,0,0,0,10,70,4,1,0,80
500,RIS_1,70,150,2,75,20,1,0,90,5,3,5,20,3,40,2,2,2,20,50,5,3,0,60
501,RIS_1,88,320,10,130,28,0,0,100,-7,7,8,28,1,25,0,2,2,12,45,3,2,1,55
502,RIS_1,65,250,1,80,30,1,0,85,6,4,2,30,3,35,0,1,1,35,45,7,3,3,58
503,RIS_1,89,300,12,110,18,0,0,100,-7,7,8,18,2,50,0,1,1,6,-7,3,2,0,65
504,RIS_1,84,370,6,150,27,0,0,100,-7,7,8,30,1,15,14,0,0,11,-7,7,1,0,74
505,RIS_1,58,120,4,60,22,2,2,70,1,4,4,28,3,60,0,1,1,7,85,3,4,0,85
506,RIS_1,75,125,1,65,17,0,0,88,8,4,6,18,2,20,-6,2,2,4,85,2,2,0,43
507,RIS_1,83,215,35,130,14,0,0,86,11,6,6,14,0,19,3,1,1,0,-7,1,2,0,49
508,RIS_0,72,170,3,85,33,2,1,88,2,0,5,32,2,13,2,1,1,15,30,10,3,0,66
509,RIS_0,76,155,1,72,19,1,0,90,14,6,5,22,4,47,4,1,1,10,63,4,5,0,66
510,RIS_0,74,70,2,49,14,0,0,88,13,6,6,2,3,27,0,1,1,9,-7,3,1,0,37
511,RIS_0,79,165,7,83,28,0,0,100,-7,7,8,42,3,29,0,1,1,23,83,5,4,0,70
512,RIS_0,81,195,20,75,14,0,0,92,31,6,6,14,0,52,14,0,0,3,56,3,3,-7,82
513,RIS_0,50,75,1,41,13,0,0,100,-7,7,8,14,2,26,-7,0,0,60,72,5,4,0,87
514,RIS_0,67,220,1,69,22,0,0,95,0,4,6,24,3,51,0,2,2,43,73,6,4,1,66
515,RIS_0,57,160,1,70,0,5,4,74,33,6,5,8,2,49,0,2,2,-1,-7,1,2,0,66
516,RIS_0,63,65,4,38,5,0,0,56,2,4,6,6,2,42,0,0,0,-1,77,1,3,-7,59
517,RIS_1,78,210,5,85,25,0,0,95,-7,7,8,25,2,45,0,1,1,15,65,3,2,0,70
518,RIS_1,85,300,8,120,30,0,0,100,-7,7,8,30,1,50,0,0,0,10,70,4,1,0,75
519,RIS_1,65,150,2,60,20,1,0,90,5,3,5,20,3,40,1,2,2,20,50,5,3,0,60
520,RIS_1,82,250,10,100,28,0,0,98,-7,7,8,28,2,35,0,1,1,12,60,3,2,0,65
521,RIS_1,70,180,3,70,22,1,0,92,6,4,6,22,4,55,2,3,3,25,55,6,4,0,80
522,RIS_1,88,320,12,130,32,0,0,100,-7,7,8,32,1,30,0,0,0,8,75,2,1,0,72
523,RIS_1,75,140,1,65,18,0,0,88,8,5,7,18,2,25,3,1,1,18,58,3,2,0,55
524,RIS_1,80,230,6,90,26,0,0,96,-7,7,8,26,3,60,0,2,2,14,62,4,3,0,68
525,RIS_1,72,170,4,75,24,1,0,94,7,4,6,24,5,45,1,2,2,22,52,5,4,0,62
526,RIS_0,68,190,7,80,15,2,1,85,4,5,7,15,3,50,0,3,3,40,70,6,3,1,75
527,RIS_0,60,130,2,55,10,1,1,80,5,6,8,10,2,40,0,2,2,50,65,4,2,0,70
528,RIS_0,55,110,1,50,8,2,2,75,6,7,8,8,3,35,0,1,1,55,60,3,1,0,65
529,RIS_0,65,200,5,85,12,3,2,78,3,6,8,12,4,55,0,4,4,45,72,5,4,1,80
530,RIS_0,58,120,3,60,9,1,1,82,7,5,7,9,2,30,0,2,2,58,68,3,2,0,72
531,RIS_0,62,140,4,65,11,2,1,79,5,6,8,11,3,40,0,3,3,52,63,4,3,0,68
532,RIS_0,70,220,6,95,14,1,1,88,4,5,7,14,4,50,0,2,2,48,75,5,4,1,75
533,RIS_0,53,100,2,45,7,3,2,70,8,7,8,7,2,25,0,1,1,60,58,2,1,0,60
534,RIS_0,67,180,5,80,13,2,1,84,6,6,8,13,3,45,0,3,3,42,70,4,3,0,70
535,RIS_0,59,150,3,70,10,1,1,81,5,5,7,10,2,35,0,2,2,56,65,3,2,0,65
536,RIS_1,78,210,5,89,25,0,0,95,12,6,6,25,2,45,3,1,1,15,65,3,2,0,60
537,RIS_1,85,300,8,120,30,0,0,100,-7,7,8,30,1,50,0,0,0,10,70,4,1,0,75
538,RIS_1,65,150,2,75,20,1,0,90,5,3,5,20,3,40,2,2,2,20,50,5,3,0,55
539,RIS_1,88,350,10,130,28,0,0,100,-7,7,8,28,1,30,0,2,2,12,45,2,2,1,52
540,RIS_1,70,250,1,80,32,1,0,85,8,4,2,32,3,35,0,1,1,35,50,7,3,3,58
541,RIS_1,89,310,12,110,18,0,0,100,-7,7,8,18,2,55,0,1,1,6,-7,2,2,0,68
542,RIS_1,84,375,6,150,25,0,0,100,-7,7,8,28,1,15,14,0,0,11,-7,7,1,0,74
543,RIS_1,58,120,4,60,22,2,2,70,3,4,4,28,3,60,0,1,1,7,85,2,3,0,85
544,RIS_1,75,125,3,65,17,0,0,88,10,4,6,18,2,20,-6,2,2,4,85,2,2,0,45
545,RIS_1,83,215,35,130,14,0,0,86,11,6,6,14,0,25,3,1,1,2,-7,1,2,0,52
546,RIS_1,67,170,5,85,33,2,1,88,4,0,5,32,2,15,2,1,1,15,30,10,3,0,66
547,RIS_1,76,150,2,70,19,1,0,90,16,6,5,22,4,45,4,1,1,10,60,3,4,0,66
548,RIS_1,72,70,4,45,14,0,0,88,15,6,6,2,3,25,0,1,1,9,-7,2,1,0,40
549,RIS_1,79,160,7,80,28,0,0,100,-7,7,8,42,3,35,0,1,1,23,80,5,3,0,70
550,RIS_1,81,195,20,75,14,0,0,92,30,6,6,14,0,50,14,0,0,3,55,2,2,-7,82
551,RIS_0,74,75,3,40,13,0,0,100,-7,7,8,14,2,25,-7,0,0,60,70,3,2,0,87
552,RIS_0,67,220,3,65,22,0,0,95,2,4,6,24,3,50,0,2,2,42,70,4,2,1,66
553,RIS_0,57,160,2,70,2,5,4,70,35,6,5,8,2,45,0,2,2,0,-7,0,1,0,66
554,RIS_0,63,60,6,35,5,0,0,55,4,4,6,6,2,40,0,0,0,0,75,0,1,-7,58
555,RIS_1,78,210,5,89,22,0,0,95,-7,7,8,22,2,45,0,1,1,15,65,3,2,0,68
556,RIS_1,85,290,8,112,28,0,0,100,-7,7,8,28,1,38,0,0,0,10,72,4,1,0,75
557,RIS_1,72,145,3,67,19,1,0,88,5,3,5,20,3,42,2,2,2,7,58,3,3,0,52
558,RIS_1,89,330,12,125,25,0,0,100,-7,7,8,25,1,30,0,2,2,12,50,2,2,1,55
559,RIS_1,65,250,2,82,32,1,0,85,6,4,2,34,3,35,0,1,1,34,45,7,3,3,60
560,RIS_1,90,300,10,105,16,0,0,100,-7,7,8,16,2,55,0,1,1,6,-7,2,2,0,70
561,RIS_1,84,370,6,150,25,0,0,100,-7,7,8,28,1,15,14,0,0,11,-7,7,1,0,78
562,RIS_1,58,120,4,60,22,2,2,70,3,4,4,28,3,60,0,1,1,7,85,2,4,0,85
563,RIS_1,76,125,1,65,17,0,0,88,8,4,6,18,2,22,-7,2,2,4,85,2,2,0,45
564,RIS_1,83,215,35,130,14,0,0,86,11,6,6,14,0,21,3,1,1,0,-7,1,2,0,52
565,RIS_1,67,170,3,85,33,2,1,88,4,0,5,32,2,15,2,1,1,15,30,10,3,0,68
566,RIS_1,79,150,0,70,19,1,0,90,14,6,5,22,4,45,4,1,1,10,60,3,5,0,65
567,RIS_1,75,70,2,48,14,0,0,88,13,6,6,2,3,25,0,1,1,9,-7,2,1,0,40
568,RIS_1,80,160,7,80,28,0,0,100,-7,7,8,42,3,35,0,1,1,23,80,5,4,0,72
569,RIS_1,81,195,20,75,14,0,0,92,30,6,6,14,0,50,14,0,0,3,55,2,3,-7,85
570,RIS_0,74,75,1,40,13,0,0,100,-7,7,8,14,2,25,-7,0,0,60,70,4,3,0,90
571,RIS_0,69,220,1,68,22,0,0,95,0,4,6,24,3,50,0,2,2,42,70,5,3,1,65
572,RIS_0,57,160,0,70,0,5,4,70,33,6,5,8,2,45,0,2,2,-1,-7,0,1,0,65
573,RIS_0,63,60,4,38,5,0,0,55,2,4,6,6,2,40,0,0,0,-1,75,0,2,-7,58
574,RIS_1,78,210,5,85,22,0,0,100,-7,7,8,22,2,45,0,1,1,15,65,3,2,0,70
575,RIS_1,85,300,8,120,25,0,0,100,-7,7,8,25,1,50,0,0,0,10,70,4,1,0,75
576,RIS_1,65,150,3,60,20,1,0,90,5,3,5,20,3,40,2,2,2,20,50,5,2,0,60
577,RIS_1,82,250,10,100,30,0,0,100,-7,7,8,30,2,35,0,2,2,25,55,6,3,1,65
578,RIS_1,70,180,2,70,18,1,0,85,8,4,6,18,4,30,1,3,3,30,60,7,4,2,55
579,RIS_1,88,320,12,110,28,0,0,100,-7,7,8,28,1,60,0,1,1,5,75,2,1,0,80
580,RIS_1,84,350,6,140,27,0,0,100,-7,7,8,27,1,20,14,0,0,15,80,3,1,0,85
581,RIS_1,58,130,4,65,24,2,1,75,3,4,4,24,3,65,0,1,1,10,85,3,5,0,90
582,RIS_1,76,140,1,68,19,0,0,88,10,5,7,19,2,25,-7,2,2,8,90,3,3,0,50
583,RIS_1,80,230,35,125,16,0,0,86,13,7,7,16,0,22,5,1,1,2,95,2,3,0,55
584,RIS_1,68,190,5,90,35,1,0,88,4,1,6,35,3,15,4,1,1,20,40,12,4,0,70
585,RIS_1,79,170,2,75,21,1,0,92,16,7,6,21,4,50,6,1,1,12,70,4,6,0,72
586,RIS_1,75,90,4,55,16,0,0,90,15,7,7,4,3,30,2,1,1,12,100,3,2,0,45
587,RIS_1,81,180,9,88,30,0,0,100,-7,7,8,45,4,35,0,1,1,26,90,7,5,0,78
588,RIS_0,74,85,3,45,15,0,0,100,-7,7,8,16,3,30,-8,0,0,65,80,5,4,0,92
589,RIS_0,67,230,3,72,24,0,0,97,2,5,7,26,4,55,0,4,4,48,80,6,4,2,70
590,RIS_0,57,170,2,73,2,7,6,76,35,7,6,10,3,55,0,4,4,5,100,1,2,0,72
591,RIS_0,63,70,6,42,7,0,0,60,4,5,7,8,3,45,0,1,1,5,85,1,3,-8,65
592,RIS_0,73,165,70,108,10,3,3,100,-7,1,9,12,1,5,0,0,0,5,100,2,-8,0,15
593,RIS_1,78,210,5,85,22,0,0,95,12,6,6,22,2,45,4,1,1,15,65,3,2,0,68
594,RIS_1,85,300,8,120,25,0,0,100,-7,7,8,25,1,60,0,0,0,10,70,4,1,0,75
595,RIS_1,70,150,2,70,20,1,0,90,5,3,5,20,3,35,2,2,2,20,50,5,3,0,55
596,RIS_1,88,350,10,130,27,0,0,100,-7,7,8,27,1,25,0,2,2,12,45,2,2,1,48
597,RIS_1,65,250,1,80,30,1,0,85,8,4,2,30,3,30,0,1,1,35,45,7,3,3,58
598,RIS_1,89,310,12,110,18,0,0,100,-7,7,8,18,2,50,0,1,1,6,-7,2,1,0,65
599,RIS_1,87,375,6,150,25,0,0,100,-7,7,8,28,1,15,14,0,0,11,-7,7,1,0,74
600,RIS_1,58,120,4,60,22,2,2,70,3,4,4,28,3,60,0,1,1,7,85,2,3,0,85
601,RIS_1,75,125,1,65,17,0,0,88,10,4,6,18,2,20,-7,2,2,4,85,1,1,0,42
602,RIS_1,83,215,35,130,14,0,0,86,13,6,6,14,0,18,3,1,1,0,-7,1,1,0,48
603,RIS_1,67,170,3,85,33,2,1,88,4,0,5,32,2,13,2,1,1,15,30,10,2,0,65
604,RIS_1,76,150,0,70,19,1,0,90,16,6,5,22,4,45,4,1,1,10,60,2,4,0,65
605,RIS_1,74,70,2,45,14,0,0,88,15,6,6,2,2,25,0,1,1,9,-7,1,0,0,35
606,RIS_1,79,160,7,80,28,0,0,100,-7,7,8,42,3,28,0,1,1,23,80,5,3,0,70
607,RIS_1,81,195,20,75,14,0,0,92,33,6,6,14,0,50,14,0,0,3,55,1,2,-7,82
608,RIS_0,72,75,1,40,13,0,0,100,-7,7,8,14,2,25,-7,0,0,60,70,3,2,0,85
609,RIS_0,67,220,1,65,22,0,0,95,2,4,6,24,3,50,0,2,2,42,70,4,2,1,65
610,RIS_0,57,160,0,70,0,5,4,70,35,6,5,8,2,45,0,2,2,-1,-7,-1,0,0,65
611,RIS_0,63,60,4,35,5,0,0,55,4,4,6,6,2,40,0,0,0,-1,75,-1,1,-7,58
612,RIS_1,78,210,5,85,25,0,0,95,-7,7,8,25,2,45,0,1,1,15,65,3,2,0,70
613,RIS_1,85,300,8,120,30,0,0,100,-7,7,8,30,1,50,0,0,0,10,70,4,1,0,75
614,RIS_1,65,150,2,60,20,1,0,90,5,3,5,20,3,40,1,2,2,20,50,5,3,0,60
615,RIS_1,90,350,10,130,35,0,0,100,-7,7,8,35,1,30,0,0,0,5,80,2,1,0,80
616,RIS_1,70,200,3,70,22,1,0,85,6,4,6,22,4,35,2,3,3,25,55,6,4,0,65
617,RIS_1,80,250,6,90,28,0,0,100,-7,7,8,28,2,55,0,1,1,12,75,3,2,0,72
618,RIS_1,75,180,4,75,24,0,0,92,8,5,7,24,3,48,1,2,2,18,60,4,3,0,68
619,RIS_1,88,320,9,110,32,0,0,100,-7,7,8,32,1,25,0,0,0,8,85,1,1,0,82
620,RIS_1,72,170,1,65,21,1,0,88,7,4,6,21,5,42,3,4,4,22,58,5,4,0,62
621,RIS_1,82,280,7,100,29,0,0,100,-7,7,8,29,2,60,0,1,1,14,78,2,2,0,77
622,RIS_1,68,190,2,68,23,1,0,86,9,5,7,23,4,38,2,3,3,24,52,6,3,0,63
623,RIS_1,84,290,8,105,31,0,0,100,-7,7,8,31,1,20,0,0,0,9,82,1,1,0,79
624,RIS_1,74,160,3,72,26,0,0,93,10,6,8,26,3,45,1,2,2,17,63,4,3,0,67
625,RIS_1,86,310,10,115,33,0,0,100,-7,7,8,33,1,15,0,0,0,7,88,1,1,0,84
626,RIS_0,67,140,1,58,18,2,1,80,4,3,5,18,5,50,0,4,4,30,45,7,5,1,55
627,RIS_0,58,130,2,55,16,3,2,75,5,4,6,16,6,52,1,5,5,35,40,8,6,2,50
628,RIS_0,62,120,3,50,14,4,3,70,6,5,7,14,7,54,2,6,6,40,35,9,7,3,45
629,RIS_0,55,110,4,45,12,5,4,65,7,6,8,12,8,56,3,7,7,45,30,10,8,4,40
630,RIS_0,60,100,5,40,10,6,5,60,8,7,8,10,9,58,4,8,8,50,25,11,9,5,35
631,RIS_1,78,210,5,89,25,0,0,95,12,6,6,25,2,45,2,1,1,15,65,3,2,0,60
632,RIS_1,85,300,8,120,30,0,0,100,-7,7,8,30,1,50,0,0,0,10,70,4,1,0,75
633,RIS_1,65,150,3,75,20,1,0,90,5,3,5,20,3,40,1,2,2,20,50,5,3,0,55
634,RIS_1,90,350,10,130,35,0,0,100,-7,7,8,35,1,30,0,1,1,5,80,2,1,0,80
635,RIS_1,70,200,2,80,22,2,1,85,8,4,4,22,4,35,0,3,3,25,55,6,4,1,65
636,RIS_1,82,250,6,100,28,0,0,100,-7,7,8,28,2,55,0,2,2,8,75,3,2,0,70
637,RIS_1,75,180,4,85,24,1,0,92,6,5,5,24,3,48,1,1,1,12,60,4,3,0,58
638,RIS_1,88,320,9,110,32,0,0,100,-7,7,8,32,1,25,0,0,0,7,85,1,1,0,85
639,RIS_1,68,170,1,78,21,1,0,88,7,4,6,21,2,42,0,2,2,18,58,5,2,0,62
640,RIS_1,83,280,7,105,29,0,0,100,-7,7,8,29,1,20,0,1,1,9,78,2,1,0,82
641,RIS_1,72,190,3,82,23,2,1,87,9,5,5,23,4,38,0,3,3,22,52,7,4,1,68
642,RIS_1,86,310,8,115,31,0,0,100,-7,7,8,31,1,15,0,0,0,6,82,1,1,0,88
643,RIS_1,67,160,2,77,20,1,0,89,8,5,6,20,3,45,0,2,2,17,56,6,3,0,64
644,RIS_1,84,290,7,108,30,0,0,100,-7,7,8,30,1,22,0,1,1,8,77,2,1,0,83
645,RIS_1,71,185,4,83,22,2,1,86,10,6,6,22,4,40,0,3,3,21,54,7,4,1,67
646,RIS_1,87,330,10,125,33,0,0,100,-7,7,8,33,1,18,0,0,0,5,84,1,1,0,87
647,RIS_1,69,175,3,80,21,1,0,90,9,6,6,21,3,43,0,2,2,16,57,6,3,0,63
648,RIS_1,89,340,11,128,34,0,0,100,-7,7,8,34,1,12,0,0,0,4,86,1,1,0,89
649,RIS_1,73,195,5,84,23,2,1,88,11,7,7,23,4,37,0,3,3,20,53,8,4,1,66
650,RIS_1,78,210,5,85,22,0,0,95,-7,7,8,25,2,45,0,1,1,15,65,3,2,0,72
651,RIS_1,85,300,8,120,28,0,0,100,-7,7,8,30,1,35,0,0,0,10,70,4,1,0,80
652,RIS_1,72,150,2,75,20,1,0,90,5,3,5,18,3,40,1,2,2,8,60,2,3,0,65
653,RIS_1,88,320,10,130,25,0,0,100,-7,7,8,28,1,30,0,2,2,12,50,3,2,0,75
654,RIS_1,65,250,1,80,32,1,0,85,6,4,2,34,3,33,0,1,1,35,45,7,3,3,58
655,RIS_1,89,310,12,110,16,0,0,100,-7,7,8,16,2,52,0,2,2,6,-7,2,2,0,68
656,RIS_1,84,375,6,150,25,0,0,100,-7,7,8,28,1,15,14,0,0,11,-7,7,1,0,74
657,RIS_1,58,120,4,60,22,2,2,70,1,4,4,28,3,60,0,1,1,7,85,2,4,0,85
658,RIS_1,75,125,1,65,17,0,0,88,8,4,6,18,2,20,-7,2,2,4,85,2,2,0,45
659,RIS_1,83,215,36,130,14,0,0,86,11,6,6,14,0,19,3,1,1,0,-7,1,2,0,49
660,RIS_1,67,170,3,85,33,2,1,88,2,0,5,32,2,13,2,1,1,15,30,10,3,0,66
661,RIS_1,76,150,0,70,19,1,0,90,14,6,5,22,4,47,4,1,1,10,60,3,5,0,66
662,RIS_1,74,70,2,45,14,0,0,88,13,6,6,2,3,27,0,1,1,9,-7,2,1,0,37
663,RIS_1,79,160,7,80,28,0,0,100,-7,7,8,42,3,29,0,1,1,23,80,5,4,0,70
664,RIS_1,81,195,20,75,14,0,0,92,31,6,6,14,0,52,14,0,0,3,55,2,3,-7,82
665,RIS_0,72,75,1,40,13,0,0,100,-7,7,8,14,2,26,-7,0,0,60,70,3,3,0,87
666,RIS_0,67,220,1,65,22,0,0,95,0,4,6,24,3,51,0,2,2,43,70,4,3,1,66
667,RIS_0,57,160,0,70,0,5,4,70,33,6,5,8,2,49,0,2,2,-1,-7,0,1,0,66
668,RIS_0,63,60,4,35,5,0,0,55,2,4,6,6,2,42,0,0,0,-1,75,0,2,-7,59
669,RIS_1,78,210,5,85,25,0,0,100,-7,7,8,25,2,45,0,1,1,15,65,3,2,0,70
670,RIS_1,85,300,8,120,30,0,0,100,-7,7,8,30,1,50,0,0,0,10,70,4,1,0,75
671,RIS_1,65,150,2,60,20,1,0,90,5,3,5,20,3,40,1,2,2,20,50,5,3,0,60
672,RIS_1,88,350,10,130,28,0,0,100,-7,7,8,28,1,30,0,2,2,12,45,2,3,1,55
673,RIS_1,70,250,1,80,35,1,0,85,6,4,2,30,3,35,0,1,1,30,50,7,3,3,65
674,RIS_1,89,310,12,110,18,0,0,100,-7,7,8,18,2,55,0,2,2,6,-8,2,2,0,70
675,RIS_1,87,380,8,160,27,0,0,100,-7,7,8,30,1,15,14,0,0,13,-8,8,1,0,80
676,RIS_1,58,130,6,65,24,2,2,75,3,4,4,30,3,65,0,1,1,9,90,2,4,0,90
677,RIS_1,75,135,3,70,19,0,0,90,8,4,6,20,2,22,-7,2,2,6,90,2,2,0,45
678,RIS_1,83,230,38,135,16,0,0,88,11,6,6,16,0,21,3,1,1,2,-8,1,2,0,55
679,RIS_1,67,180,5,90,35,2,1,90,4,0,5,34,2,15,2,1,1,17,35,12,3,0,70
680,RIS_1,78,160,2,75,21,1,0,92,14,6,5,24,4,50,4,1,1,12,65,3,5,0,70
681,RIS_1,74,80,4,55,16,0,0,90,13,6,6,4,3,30,0,1,1,11,-8,2,1,0,40
682,RIS_1,79,170,9,85,30,0,0,100,-7,7,8,44,3,35,0,1,1,25,85,6,4,0,75
683,RIS_1,81,200,22,80,16,0,0,94,31,6,6,16,0,55,14,0,0,5,60,2,3,-8,85
684,RIS_0,72,85,3,45,15,0,0,100,-7,7,8,16,2,28,-7,0,0,62,75,4,3,0,90
685,RIS_0,69,230,3,75,24,0,0,97,2,4,6,26,3,55,0,4,4,45,75,5,3,1,70
686,RIS_0,57,170,2,75,2,7,6,76,35,6,5,10,2,55,0,4,4,1,-8,0,1,0,70
687,RIS_0,63,70,6,40,7,0,0,58,4,4,6,8,2,45,0,1,1,1,80,0,2,-8,65
688,RIS_1,78,210,5,89,25,0,0,100,-7,7,8,25,2,45,0,1,1,15,65,3,2,0,72
689,RIS_1,85,300,8,120,30,0,0,100,-7,7,8,30,1,50,0,0,0,10,70,4,1,0,80
690,RIS_1,72,150,2,75,20,1,0,90,5,3,5,20,3,40,2,2,2,20,50,5,3,0,60
691,RIS_1,88,350,10,130,28,0,0,100,-7,7,8,28,1,30,0,2,2,12,45,2,2,1,55
692,RIS_1,65,250,1,80,32,1,0,85,6,4,2,32,3,35,0,1,1,35,45,7,3,3,58
693,RIS_1,89,310,12,110,18,0,0,100,-7,7,8,18,2,55,0,1,1,6,-7,2,2,0,65
694,RIS_1,84,375,6,150,25,0,0,100,-7,7,8,28,1,15,14,0,0,11,-7,7,1,0,74
695,RIS_1,58,120,4,60,22,2,2,70,1,4,4,28,3,60,0,1,1,7,85,2,4,0,85
696,RIS_1,75,125,1,65,17,0,0,88,8,4,6,18,2,20,-6,2,2,4,85,2,2,0,43
697,RIS_1,83,215,36,130,14,0,0,86,11,6,6,14,0,19,3,1,1,0,-7,1,2,0,49
698,RIS_1,67,170,3,85,33,2,1,88,2,0,5,32,2,13,2,1,1,15,30,10,3,0,66
699,RIS_1,76,150,0,70,19,1,0,90,14,6,5,22,4,45,4,1,1,10,60,3,5,0,66
700,RIS_1,74,70,2,45,14,0,0,88,13,6,6,2,3,25,0,1,1,9,-7,2,1,0,37
701,RIS_1,79,160,7,80,28,0,0,100,-7,7,8,42,3,25,0,1,1,23,80,5,4,0,70
702,RIS_1,81,195,20,75,14,0,0,92,30,6,6,14,0,50,14,0,0,3,55,2,3,-7,82
703,RIS_0,74,75,1,40,13,0,0,100,-7,7,8,14,2,25,-7,0,0,60,70,3,3,0,87
704,RIS_0,69,220,1,65,22,0,0,95,0,4,6,24,3,50,0,2,2,43,70,4,3,1,66
705,RIS_0,57,160,0,70,0,5,4,70,33,6,5,8,2,45,0,2,2,-1,-7,0,1,0,66
706,RIS_0,63,60,4,35,5,0,0,55,2,4,6,6,2,40,0,0,0,-1,75,0,2,-7,59
707,RIS_1,78,210,5,85,22,0,0,95,-7,7,8,22,2,45,2,1,1,15,65,3,2,0,68
708,RIS_1,85,300,8,120,25,0,0,100,-7,7,8,25,1,60,0,0,0,10,70,4,1,0,75
709,RIS_1,70,150,4,70,20,1,0,90,5,3,5,20,3,40,3,2,2,20,50,5,3,0,60
710,RIS_1,88,350,10,130,27,0,0,100,-7,7,8,27,1,25,0,2,2,12,45,3,2,1,55
711,RIS_1,65,250,2,80,32,1,0,85,6,4,3,32,3,35,1,1,1,35,45,7,2,2,58
712,RIS_1,89,310,12,110,18,0,0,100,-7,7,8,18,2,55,0,1,1,6,-7,3,1,0,70
713,RIS_1,87,375,6,150,25,0,0,100,-7,7,8,28,1,15,14,0,0,11,-7,7,1,0,74
714,RIS_1,58,120,6,60,22,2,1,70,3,3,4,28,3,60,1,1,1,7,85,3,3,0,85
715,RIS_1,75,125,3,65,17,0,0,88,8,3,5,18,2,20,-7,2,2,4,85,2,1,0,45
716,RIS_1,83,215,35,130,14,0,0,86,11,5,5,14,0,19,3,1,1,2,-7,1,1,0,52
717,RIS_1,67,170,5,85,33,1,1,88,4,1,4,32,2,15,2,1,1,15,30,10,2,0,65
718,RIS_1,76,150,2,70,19,1,0,90,14,5,4,22,4,45,4,1,1,10,60,4,4,0,65
719,RIS_1,74,70,4,45,14,0,0,88,13,5,5,2,3,25,2,1,1,9,-7,1,1,0,40
720,RIS_1,79,160,9,80,28,0,0,100,-7,7,8,42,3,35,1,1,1,23,80,5,3,0,70
721,RIS_1,81,195,20,75,14,0,0,92,30,5,5,14,0,50,14,0,0,3,55,2,2,-7,82
722,RIS_0,72,75,3,40,13,0,0,100,-7,7,8,14,2,25,-7,0,0,60,70,3,2,0,87
723,RIS_0,67,220,3,65,22,0,0,95,2,3,5,24,3,50,1,2,2,43,70,4,2,1,65
724,RIS_0,57,160,2,70,2,5,4,70,33,5,4,8,2,45,1,2,2,1,-7,0,1,0,65
725,RIS_0,63,60,6,35,5,0,0,55,4,3,5,6,2,40,1,0,0,1,75,0,1,-7,58
726,RIS_1,78,210,5,85,25,0,0,95,-7,7,8,25,2,45,0,1,1,15,65,3,2,0,70
727,RIS_1,85,300,8,120,30,0,0,100,-7,7,8,30,1,50,0,0,0,10,70,4,1,0,75
728,RIS_1,65,150,2,60,20,1,0,90,5,3,5,20,3,40,2,2,2,20,50,5,3,0,60
729,RIS_1,82,250,10,100,35,0,0,100,-7,7,8,35,2,55,0,1,1,25,60,6,2,0,80
730,RIS_1,70,180,3,70,22,1,0,92,6,4,6,22,4,35,1,3,3,30,55,7,4,0,65
731,RIS_1,88,320,12,110,28,0,0,100,-7,7,8,28,1,60,0,0,0,5,75,2,1,0,85
732,RIS_1,75,140,1,65,18,0,0,88,8,5,7,18,2,30,3,1,1,35,45,3,2,0,55
733,RIS_1,83,270,9,105,32,0,0,100,-7,7,8,32,1,65,0,0,0,12,80,5,1,0,90
734,RIS_1,68,160,4,75,24,1,0,93,7,4,6,24,3,42,2,2,2,40,58,6,3,0,68
735,RIS_1,84,290,7,115,29,0,0,100,-7,7,8,29,1,58,0,0,0,8,72,4,1,0,82
736,RIS_1,72,170,6,80,26,1,0,94,9,5,7,26,4,48,1,3,3,45,62,7,4,0,72
737,RIS_1,86,310,11,125,31,0,0,100,-7,7,8,31,1,62,0,0,0,7,78,3,1,0,88
738,RIS_1,67,190,5,90,27,1,0,95,10,6,8,27,5,52,2,4,4,50,65,8,5,0,75
739,RIS_1,81,280,6,95,33,0,0,100,-7,7,8,33,1,68,0,0,0,9,85,5,1,0,92
740,RIS_0,69,200,7,100,34,1,1,89,11,5,7,34,6,70,3,5,5,55,68,9,6,1,78
741,RIS_0,64,130,8,55,19,2,1,85,12,6,8,19,7,75,4,6,6,60,70,10,7,2,85
742,RIS_0,71,220,9,110,36,1,1,91,13,7,9,36,8,80,5,7,7,65,72,11,8,3,88
743,RIS_0,66,230,10,120,37,2,2,87,14,8,10,37,9,85,6,8,8,70,75,12,9,4,90
744,RIS_0,73,240,11,130,38,1,1,93,15,9,11,38,10,90,7,9,9,75,78,13,10,5,92
745,RIS_1,78,210,5,89,25,0,0,100,-7,7,8,25,2,45,0,1,1,15,65,3,2,0,70
746,RIS_1,85,300,8,120,30,0,0,100,-7,7,8,30,1,50,0,0,0,10,70,4,1,0,75
747,RIS_1,65,150,2,75,20,1,0,90,5,3,5,20,3,40,2,2,2,20,50,5,3,0,60
748,RIS_1,90,350,10,130,28,0,0,100,-7,7,8,28,1,30,0,2,2,12,45,2,2,1,55
749,RIS_1,70,250,1,80,32,1,0,85,6,4,2,30,3,35,0,1,1,35,50,7,3,3,65
750,RIS_1,89,310,12,110,18,0,0,100,-7,7,8,18,2,55,0,1,1,6,-7,2,2,0,70
751,RIS_1,84,375,6,150,25,0,0,100,-7,7,8,28,1,15,14,0,0,11,-7,7,1,0,80
752,RIS_1,58,120,4,60,22,2,2,70,3,4,4,28,3,60,0,1,1,7,85,2,3,0,85
753,RIS_1,75,125,3,65,17,0,0,88,8,4,6,18,2,20,-7,2,2,4,85,2,2,0,45
754,RIS_1,83,215,35,130,14,0,0,86,11,6,6,14,0,25,3,1,1,2,-7,1,2,0,55
755,RIS_1,67,170,5,85,33,2,1,88,4,0,5,32,2,15,2,1,1,15,35,10,3,0,70
756,RIS_1,76,150,2,70,19,1,0,90,14,6,5,22,4,45,4,1,1,10,60,3,4,0,70
757,RIS_1,72,70,4,45,14,0,0,88,13,6,6,2,3,25,0,1,1,9,-7,2,1,0,40
758,RIS_1,79,160,7,80,28,0,0,100,-7,7,8,42,3,35,0,1,1,23,80,5,3,0,75
759,RIS_1,81,195,20,75,14,0,0,92,30,6,6,14,0,50,14,0,0,3,55,2,2,-7,85
760,RIS_0,74,75,3,40,13,0,0,100,-7,7,8,14,2,25,-7,0,0,60,70,3,2,0,90
761,RIS_0,67,220,3,65,22,0,0,95,2,4,6,24,3,50,0,2,2,42,70,4,2,1,70
762,RIS_0,57,160,2,70,2,5,4,70,33,6,5,8,2,45,0,2,2,1,-7,0,1,0,70
763,RIS_0,63,60,6,35,5,0,0,55,4,4,6,6,2,40,0,0,0,1,75,0,1,-7,65
764,RIS_1,78,210,5,85,25,0,0,95,-7,7,8,25,2,45,2,1,1,15,65,3,2,0,70
765,RIS_1,85,300,8,120,30,0,0,100,-7,7,8,30,1,50,0,0,0,10,70,4,1,0,75
766,RIS_1,65,150,3,70,20,1,0,90,5,3,5,20,3,40,1,2,2,20,50,5,3,0,60
767,RIS_1,88,320,10,130,28,0,0,100,-7,7,8,28,1,30,0,1,1,12,55,2,2,1,65
768,RIS_1,70,250,2,80,35,1,0,85,6,4,3,35,4,35,0,1,1,30,45,7,4,2,55
769,RIS_1,89,310,12,110,18,0,0,100,-7,7,8,18,2,55,0,2,2,7,-8,3,2,0,70
770,RIS_1,84,370,6,150,27,0,0,100,-7,7,8,30,1,15,14,0,0,13,-8,7,1,0,80
771,RIS_1,58,130,4,65,24,2,1,75,3,4,4,30,3,60,0,1,1,9,85,3,4,0,85
772,RIS_1,75,135,1,68,19,0,0,90,8,4,6,20,2,22,-7,2,2,6,87,3,2,0,45
773,RIS_1,83,230,35,130,16,0,0,88,11,6,6,16,0,21,3,1,1,2,-8,2,2,0,55
774,RIS_1,67,180,5,85,33,1,1,90,4,0,5,32,2,15,2,1,1,17,35,10,3,0,70
775,RIS_1,76,160,2,74,21,1,0,92,14,6,5,24,4,45,4,1,1,12,63,4,5,0,70
776,RIS_1,74,80,4,52,16,0,0,90,13,6,6,4,3,30,2,1,1,11,-8,3,1,0,40
777,RIS_1,79,170,7,85,30,0,0,100,-7,7,8,45,3,35,0,1,1,25,83,5,4,0,75
778,RIS_1,81,200,20,75,16,0,0,94,31,6,6,16,0,50,14,0,0,5,56,3,3,-8,85
779,RIS_0,72,85,3,43,15,0,0,100,-7,7,8,16,2,28,-8,0,0,60,72,5,3,0,90
780,RIS_0,69,230,3,72,24,0,0,97,2,4,6,26,3,50,0,2,2,45,75,6,3,1,70
781,RIS_0,57,170,2,72,2,5,4,76,33,6,5,10,2,55,0,2,2,1,-8,1,1,0,70
782,RIS_0,63,70,6,40,7,0,0,58,4,4,6,8,2,45,0,0,0,1,77,1,2,-8,65
783,RIS_1,78,210,5,89,22,0,0,95,12,6,6,22,2,45,4,1,1,15,65,3,2,0,68
784,RIS_1,85,290,8,120,25,0,0,100,-7,7,8,25,1,60,0,2,2,10,70,4,3,0,75
785,RIS_1,72,150,3,75,20,1,0,90,5,3,5,20,3,40,3,2,2,8,60,3,2,0,55
786,RIS_1,88,320,10,130,28,0,0,100,-7,7,8,28,1,30,0,1,1,12,50,5,2,0,72
787,RIS_1,65,250,2,80,30,1,0,85,8,4,2,30,4,35,0,1,1,30,45,7,3,2,60
788,RIS_1,89,300,12,110,18,0,0,100,-7,7,8,18,2,55,0,3,3,7,-7,3,2,0,70
789,RIS_1,84,370,6,150,27,0,0,100,-7,7,8,30,1,15,14,0,0,11,-7,7,1,0,76
790,RIS_1,58,130,4,65,24,2,2,75,3,4,4,30,3,60,0,2,2,9,85,3,4,0,85
791,RIS_1,76,140,1,70,19,0,0,90,10,4,6,20,2,25,-7,3,3,6,90,3,2,0,45
792,RIS_1,83,230,35,135,16,0,0,88,13,6,6,16,0,22,5,2,2,2,-7,2,2,0,52
793,RIS_1,67,180,5,88,35,2,1,90,4,0,5,34,2,15,4,2,2,17,35,10,3,0,68
794,RIS_1,79,170,2,75,21,1,0,92,16,6,5,24,4,50,6,2,2,12,65,4,5,0,70
795,RIS_1,75,80,4,55,16,0,0,90,15,6,6,4,3,30,2,2,2,11,-7,3,1,0,40
796,RIS_1,81,180,9,85,30,0,0,100,-7,7,8,45,3,35,0,2,2,25,85,7,4,0,72
797,RIS_1,82,200,20,78,16,0,0,94,33,6,6,16,0,55,16,0,0,5,60,3,3,-7,85
798,RIS_0,74,90,3,45,15,0,0,100,-7,7,8,16,2,30,-7,0,0,62,75,5,3,0,90
799,RIS_0,70,230,3,72,24,0,0,97,2,4,6,26,3,55,0,4,4,45,75,6,3,1,70
800,RIS_0,57,170,2,73,2,7,6,76,35,6,5,10,2,55,0,4,4,1,-7,1,1,0,70
801,RIS_0,63,70,6,40,7,0,0,58,4,4,6,8,2,45,0,1,1,1,80,1,2,-7,65
802,RIS_0,73,170,70,108,10,2,2,100,-7,0,8,12,0,0,0,0,0,4,-7,1,-7,0,12
803,RIS_1,78,210,5,89,25,0,0,95,12,6,6,25,2,45,4,1,1,15,65,3,2,0,60
804,RIS_1,85,300,8,120,30,0,0,100,-7,7,8,30,1,50,0,0,0,10,70,4,1,0,75
805,RIS_1,72,150,3,70,20,1,0,90,8,4,5,20,3,40,2,2,2,20,50,5,3,0,55
806,RIS_1,88,320,10,130,28,0,0,100,-7,7,8,28,1,35,0,1,1,12,60,2,2,0,65
807,RIS_1,65,200,2,80,22,2,1,85,5,3,4,22,4,30,1,3,3,25,45,6,4,1,58
808,RIS_1,90,350,12,140,32,0,0,100,-7,7,8,32,1,25,0,0,0,8,75,3,1,0,80
809,RIS_1,70,180,4,75,24,1,0,92,10,5,5,24,2,38,3,1,1,18,55,4,3,0,62
810,RIS_1,82,280,6,110,26,0,0,98,15,6,6,26,2,42,0,1,1,14,68,3,2,0,70
811,RIS_1,68,190,1,78,21,1,0,88,7,4,5,21,3,36,2,2,2,22,48,5,4,0,57
812,RIS_1,84,310,9,125,29,0,0,100,-7,7,8,29,1,48,0,0,0,11,72,2,1,0,72
813,RIS_1,74,170,3,72,23,1,0,91,9,5,5,23,2,39,1,1,1,19,52,4,3,0,60
814,RIS_1,86,330,11,135,31,0,0,100,-7,7,8,31,1,20,0,0,0,9,78,1,1,0,85
815,RIS_1,76,220,7,100,27,0,0,96,14,6,6,27,2,44,0,1,1,13,65,3,2,0,68
816,RIS_1,80,290,5,115,28,0,0,99,16,6,6,28,1,46,0,0,0,10,70,2,1,0,73
817,RIS_0,69,160,2,68,19,2,1,82,4,3,4,19,3,32,1,2,2,30,40,5,4,1,52
818,RIS_0,71,175,4,74,22,1,0,89,6,4,5,22,2,37,2,1,1,25,47,4,3,0,58
819,RIS_0,67,185,1,76,20,1,0,87,5,4,5,20,3,34,1,2,2,28,43,5,4,0,55
820,RIS_0,73,195,3,77,21,1,0,90,7,5,5,21,2,36,1,1,1,26,45,4,3,0,57
821,RIS_0,75,205,6,85,23,0,0,93,8,5,5,23,1,40,0,0,0,20,50,3,2,0,65
822,RIS_1,78,210,5,89,22,0,0,95,12,6,6,22,2,45,3,1,1,15,42,3,2,0,68
823,RIS_1,85,300,8,120,25,0,0,100,-7,7,8,25,1,60,0,0,0,10,70,4,1,0,75
824,RIS_1,70,150,4,75,20,1,0,90,5,3,5,20,3,35,2,2,2,8,65,3,2,0,50
825,RIS_1,88,340,10,125,27,0,0,100,-7,7,8,27,1,25,0,2,2,12,50,2,3,1,52
826,RIS_1,65,250,2,80,32,1,0,85,8,4,2,30,3,30,0,1,1,30,45,7,3,3,55
827,RIS_1,89,310,12,110,18,0,0,100,-7,7,8,18,2,50,0,1,1,6,-7,2,2,0,65
828,RIS_1,84,370,6,150,25,0,0,100,-7,7,8,28,1,15,14,0,0,10,-7,7,1,0,72
829,RIS_1,58,120,6,60,22,2,2,70,3,4,4,28,3,60,0,1,1,7,85,2,4,0,84
830,RIS_1,76,125,3,65,17,0,0,88,10,4,6,18,2,20,-7,2,2,4,85,2,2,0,42
831,RIS_1,83,215,35,130,14,0,0,86,11,6,6,14,0,18,3,1,1,0,-7,1,2,0,48
832,RIS_0,72,170,5,85,33,2,1,88,4,0,5,32,2,15,2,1,1,15,30,10,3,0,65
833,RIS_0,75,155,2,70,19,1,0,90,16,6,5,22,4,45,4,1,1,10,60,3,5,0,65
834,RIS_0,74,70,4,45,14,0,0,88,15,6,6,2,3,25,0,1,1,9,-7,2,1,0,35
835,RIS_0,77,165,9,80,28,0,0,100,-7,7,8,42,3,25,0,1,1,22,80,5,4,0,70
836,RIS_0,79,195,20,75,14,0,0,92,30,6,6,14,0,50,14,0,0,3,55,2,3,-7,80
837,RIS_0,50,75,3,40,13,0,0,100,-7,7,8,14,2,25,-7,0,0,60,70,4,3,0,85
838,RIS_0,67,220,3,65,22,0,0,95,2,4,6,24,3,50,0,2,2,42,70,5,3,1,65
839,RIS_0,55,160,2,70,0,5,4,70,35,6,5,8,2,45,0,2,2,0,-7,0,1,0,65
840,RIS_0,60,60,6,35,5,0,0,55,4,4,6,6,2,40,0,0,0,0,75,0,2,-7,55
841,RIS_0,71,155,70,105,8,2,2,100,-7,0,8,10,0,0,0,0,0,2,-7,1,-7,0,10
842,RIS_1,78,210,5,85,25,0,0,100,-7,7,8,25,2,45,0,1,1,15,65,3,2,0,70
843,RIS_1,85,300,8,120,20,0,0,100,-7,7,8,20,1,50,0,0,0,10,70,2,1,0,75
844,RIS_1,65,150,3,60,30,1,0,90,5,3,5,30,3,40,2,2,2,20,50,4,3,0,60
845,RIS_1,88,320,10,130,22,0,0,100,-7,7,8,22,1,35,0,2,2,12,55,3,2,0,65
846,RIS_1,70,180,2,70,28,1,0,85,6,4,6,28,4,30,1,3,3,25,45,5,4,0,55
847,RIS_1,82,250,7,110,18,0,0,100,-7,7,8,18,2,55,0,1,1,8,75,2,3,0,80
848,RIS_1,75,140,4,65,24,0,0,95,8,5,7,24,3,25,3,1,1,18,60,3,2,0,50
849,RIS_1,90,350,12,140,15,0,0,100,-7,7,8,15,0,20,0,0,0,5,80,1,1,0,85
850,RIS_1,68,160,1,55,32,2,1,88,4,2,4,32,5,15,4,2,2,22,40,6,5,0,45
851,RIS_1,83,280,9,125,19,0,0,100,-7,7,8,19,1,60,0,0,0,7,85,2,2,0,90
852,RIS_1,72,190,6,75,26,0,0,92,7,6,6,26,4,10,5,1,1,16,55,4,3,0,40
853,RIS_1,87,330,11,135,17,0,0,100,-7,7,8,17,2,65,0,1,1,9,90,1,3,0,95
854,RIS_1,67,170,2,58,29,1,0,89,5,3,5,29,3,5,6,2,2,19,50,5,4,0,35
855,RIS_1,84,290,8,115,21,0,0,100,-7,7,8,21,1,70,0,0,0,6,95,2,1,0,100
856,RIS_0,71,200,3,68,23,1,1,87,3,4,6,23,4,8,7,3,3,30,65,6,5,1,50
857,RIS_0,58,130,4,45,10,2,2,75,2,5,7,10,2,12,8,4,4,40,75,7,6,2,60
858,RIS_0,63,145,1,50,14,3,2,80,1,6,8,14,3,7,9,5,5,50,85,8,7,3,70
859,RIS_0,69,175,5,62,16,0,0,85,9,7,7,16,5,9,10,6,6,60,95,9,8,4,80
860,RIS_0,74,185,7,67,18,1,1,90,10,8,8,18,6,6,11,7,7,70,100,10,9,5,90
861,RIS_1,78,210,5,89,22,0,0,95,12,6,6,22,2,45,3,1,1,15,65,3,2,0,68
862,RIS_1,85,320,8,120,25,0,0,100,-7,7,8,25,1,60,0,2,2,10,70,4,3,0,75
863,RIS_1,70,150,4,75,20,1,0,90,5,3,5,20,3,40,2,3,3,8,60,5,2,0,50
864,RIS_1,88,340,10,125,28,0,0,100,-7,7,8,28,1,25,0,4,4,12,50,3,4,1,55
865,RIS_1,65,250,2,80,30,1,0,85,8,4,2,30,4,35,0,2,2,30,45,7,3,3,60
866,RIS_1,89,300,12,105,18,0,0,100,-7,7,8,18,2,55,0,3,3,6,-7,3,2,0,70
867,RIS_1,84,370,6,150,27,0,0,100,-7,7,8,30,1,15,14,0,0,11,-7,7,1,0,80
868,RIS_1,58,120,6,60,24,2,2,70,3,4,4,30,4,60,0,2,2,7,85,3,5,0,85
869,RIS_1,75,125,3,65,19,0,0,88,10,4,6,20,3,20,-7,3,3,6,85,3,3,0,45
870,RIS_1,83,215,35,130,16,0,0,86,13,6,6,16,1,25,5,2,2,2,-7,2,3,0,55
871,RIS_1,67,170,5,85,35,2,1,88,4,0,5,34,3,15,4,2,2,15,35,10,4,0,70
872,RIS_1,76,150,2,70,21,1,0,90,16,6,5,24,5,50,6,2,2,12,60,4,6,0,70
873,RIS_1,74,70,4,45,16,0,0,88,15,6,6,4,4,30,2,2,2,11,-7,3,2,0,40
874,RIS_1,79,160,9,80,30,0,0,100,-7,7,8,45,4,35,0,2,2,25,80,7,5,0,75
875,RIS_1,81,195,20,75,16,0,0,92,33,6,6,16,1,55,16,1,1,5,55,3,4,-7,85
876,RIS_0,72,75,3,40,15,0,0,100,-7,7,8,16,3,30,-7,1,1,60,70,5,4,0,90
877,RIS_0,69,220,3,65,24,0,0,95,2,4,6,26,4,55,0,4,4,45,70,6,4,2,70
878,RIS_0,57,160,2,70,2,7,6,70,35,6,5,10,3,55,0,4,4,1,-7,1,2,0,70
879,RIS_0,63,60,6,35,7,0,0,55,4,4,6,8,3,45,0,1,1,1,75,1,3,-7,65
880,RIS_1,78,210,5,89,25,0,0,95,12,6,6,25,2,45,3,1,1,15,65,3,2,0,60
881,RIS_1,85,320,8,110,30,0,0,100,-7,7,8,30,1,50,0,0,0,10,70,4,1,0,75
882,RIS_1,72,150,2,75,20,1,0,90,8,4,5,20,3,40,2,2,2,20,60,4,3,0,55
883,RIS_1,88,340,10,125,28,0,0,100,-7,7,8,28,1,30,0,1,1,12,50,3,2,1,65
884,RIS_1,65,250,1,80,32,1,0,85,6,3,2,32,3,35,0,1,1,35,45,7,3,2,58
885,RIS_1,89,310,12,105,18,0,0,100,-7,7,8,18,2,55,0,2,2,6,-7,3,2,0,70
886,RIS_1,84,370,6,150,27,0,0,100,-7,7,8,28,1,15,14,0,0,11,-7,7,1,0,80
887,RIS_1,58,120,4,60,22,2,2,70,1,3,3,28,3,60,0,1,1,7,85,3,4,0,85
888,RIS_1,76,125,1,65,17,0,0,88,8,3,5,18,2,22,-6,2,2,4,85,3,2,0,45
889,RIS_1,83,215,35,130,14,0,0,86,11,5,5,14,0,21,3,1,1,2,-7,2,2,0,55
890,RIS_1,67,170,3,85,33,2,1,88,2,0,4,32,2,15,2,1,1,15,30,10,3,0,65
891,RIS_1,79,150,0,70,19,1,0,90,14,5,4,22,4,47,4,1,1,10,60,4,5,0,70
892,RIS_1,75,70,2,45,14,0,0,88,13,5,5,2,3,27,0,1,1,9,-7,3,1,0,40
893,RIS_1,80,160,7,80,28,0,0,100,-7,7,8,42,3,35,0,1,1,23,80,5,4,0,75
894,RIS_1,81,195,20,75,14,0,0,92,30,5,5,14,0,52,14,0,0,3,55,3,3,-7,85
895,RIS_0,74,75,1,40,13,0,0,100,-7,7,8,14,2,26,-7,0,0,60,70,5,3,0,90
896,RIS_0,69,220,1,65,22,0,0,95,0,3,5,24,3,51,0,2,2,43,70,6,3,1,70
897,RIS_0,57,160,0,70,0,5,4,70,33,5,4,8,2,49,0,2,2,-1,-7,1,1,0,70
898,RIS_0,63,60,4,35,5,0,0,55,2,3,5,6,2,42,0,0,0,-1,75,1,2,-7,65
899,RIS_1,78,210,5,89,25,0,0,100,-7,7,8,25,2,45,0,1,1,15,65,3,2,0,72
900,RIS_1,85,300,8,120,30,0,0,100,-7,7,8,30,1,50,0,0,0,10,70,4,1,0,80
901,RIS_1,72,150,3,75,20,1,0,92,5,3,5,20,3,40,2,2,2,20,60,5,3,0,65
902,RIS_1,88,350,10,130,28,0,0,100,-7,7,8,28,1,30,0,2,2,12,50,3,2,1,55
903,RIS_1,65,250,2,80,32,1,0,85,6,4,2,32,3,35,0,1,1,35,45,7,3,2,60
904,RIS_1,89,310,12,110,18,0,0,100,-7,7,8,18,2,55,0,1,1,6,-7,3,2,0,70
905,RIS_1,84,375,6,150,27,0,0,100,-7,7,8,30,1,15,14,0,0,11,-7,7,1,0,78
906,RIS_1,58,120,4,60,22,2,2,70,3,4,4,28,3,60,0,1,1,7,85,3,4,0,85
907,RIS_1,75,125,1,65,17,0,0,88,8,4,6,18,2,20,-6,2,2,4,85,2,2,0,45
908,RIS_1,83,215,35,130,14,0,0,86,11,6,6,14,0,25,3,1,1,2,-7,2,2,0,52
909,RIS_1,67,170,3,85,33,2,1,88,4,0,5,32,2,15,2,1,1,15,30,10,3,0,68
910,RIS_1,76,150,0,70,19,1,0,90,14,6,5,22,4,45,4,1,1,10,60,4,5,0,66
911,RIS_1,74,70,2,45,14,0,0,88,13,6,6,2,3,25,0,1,1,9,-7,3,1,0,40
912,RIS_1,79,160,7,80,28,0,0,100,-7,7,8,42,3,35,0,1,1,23,80,5,4,0,75
913,RIS_1,81,195,20,75,14,0,0,92,30,6,6,14,0,50,14,0,0,5,55,3,3,-7,85
914,RIS_0,72,75,1,40,13,0,0,100,-7,7,8,14,2,25,-7,0,0,60,70,5,3,0,90
915,RIS_0,67,220,1,65,22,0,0,95,0,4,6,24,3,50,0,2,2,45,70,6,3,1,68
916,RIS_0,57,160,0,70,0,5,4,70,33,6,5,8,2,45,0,2,2,0,-7,1,1,0,65
917,RIS_0,63,60,4,35,5,0,0,55,2,4,6,6,2,40,0,0,0,0,75,1,2,-7,58
918,RIS_1,78,210,5,89,25,0,0,100,-7,7,8,25,2,45,0,1,1,15,65,3,2,0,72
919,RIS_1,85,320,8,110,30,0,0,100,-7,7,8,30,1,50,0,0,0,10,70,4,1,0,80
920,RIS_1,72,150,3,75,20,1,0,90,5,4,5,20,3,40,2,2,2,20,60,4,3,0,65
921,RIS_1,88,340,10,120,28,0,0,100,-7,7,8,28,1,30,0,2,2,12,50,3,2,1,55
922,RIS_1,65,250,2,80,32,1,0,85,6,3,2,32,3,35,0,1,1,35,45,7,3,2,60
923,RIS_1,89,310,12,105,18,0,0,100,-7,7,8,18,2,55,0,1,1,6,-7,3,2,0,70
924,RIS_1,84,370,6,150,27,0,0,100,-7,7,8,30,1,15,14,0,0,11,-7,7,1,0,78
925,RIS_1,58,120,4,60,22,2,1,70,3,3,3,28,3,60,0,1,1,7,85,3,3,0,85
926,RIS_1,76,125,1,65,17,0,0,88,8,3,5,18,2,20,-6,2,2,4,85,2,2,0,45
927,RIS_1,83,215,36,130,16,0,0,86,11,5,5,16,0,25,3,1,1,2,-7,2,1,0,52
928,RIS_1,67,170,3,85,33,1,1,88,4,0,4,32,2,15,2,1,1,15,30,10,2,0,68
929,RIS_1,79,150,0,70,19,1,0,90,14,5,4,22,4,45,4,1,1,10,60,4,4,0,68
930,RIS_1,75,70,2,48,14,0,0,88,13,5,5,4,3,25,0,1,1,9,-7,3,1,0,40
931,RIS_1,80,160,7,80,28,0,0,100,-7,7,8,42,3,35,0,1,1,23,80,5,3,0,75
932,RIS_1,81,195,20,75,16,0,0,92,30,5,5,16,0,50,14,0,0,5,55,3,2,-7,85
933,RIS_0,74,75,1,40,13,0,0,100,-7,7,8,14,2,25,-7,0,0,60,70,5,2,0,90
934,RIS_0,70,220,1,68,22,0,0,95,2,3,5,24,3,50,0,2,2,42,70,6,2,1,70
935,RIS_0,57,160,0,70,2,5,4,70,33,5,4,8,2,45,0,2,2,1,-7,1,1,0,70
936,RIS_0,63,60,4,38,5,0,0,55,4,3,5,6,2,40,0,0,0,1,75,1,1,-7,65
937,RIS_1,78,210,5,85,22,0,0,95,12,6,6,22,2,45,2,1,1,15,65,3,2,0,68
938,RIS_1,85,300,8,120,25,0,0,100,-7,7,8,25,1,50,0,0,0,10,70,4,1,0,75
939,RIS_1,72,150,2,70,20,1,0,90,8,5,5,20,3,40,1,2,2,20,60,5,3,0,60
940,RIS_1,88,320,10,130,30,0,0,100,-7,7,8,30,2,35,0,1,1,12,75,6,2,0,80
941,RIS_1,65,180,3,75,18,2,1,85,5,3,4,18,4,55,3,3,3,25,55,7,4,1,65
942,RIS_1,82,250,6,100,24,0,0,100,-7,7,8,24,1,60,0,0,0,8,80,3,1,0,70
943,RIS_1,70,140,1,65,19,1,0,88,10,4,5,19,2,30,4,1,1,18,58,4,2,0,55
944,RIS_1,84,290,9,125,28,0,0,100,-7,7,8,28,1,40,0,0,0,11,72,5,1,0,78
945,RIS_1,68,170,4,80,21,2,1,87,6,2,3,21,3,45,2,2,2,22,62,6,3,1,62
946,RIS_1,86,310,7,115,26,0,0,100,-7,7,8,26,1,55,0,0,0,9,78,4,1,0,72
947,RIS_1,74,160,2,72,22,1,0,89,9,5,5,22,3,35,1,2,2,19,64,5,3,0,58
948,RIS_1,80,230,5,90,23,0,0,93,11,6,6,23,2,50,0,1,1,14,68,4,2,0,65
949,RIS_1,76,200,3,78,20,1,0,91,7,4,5,20,4,60,3,3,3,24,66,7,4,1,70
950,RIS_1,83,270,8,110,27,0,0,100,-7,7,8,27,1,65,0,0,0,10,74,5,1,0,76
951,RIS_0,67,190,4,82,17,3,2,80,4,1,2,17,5,70,4,4,4,30,50,8,5,2,85
952,RIS_0,71,220,6,95,19,2,1,83,5,2,3,19,4,75,5,5,5,35,52,9,6,3,88
953,RIS_0,69,240,7,105,21,1,0,85,6,3,4,21,3,80,6,6,6,40,54,10,7,4,90
954,RIS_0,73,260,9,115,23,0,0,87,7,4,5,23,2,85,7,7,7,45,56,11,8,5,92
955,RIS_0,75,280,10,125,25,0,0,89,8,5,6,25,1,90,8,8,8,50,58,12,9,6,94
956,RIS_1,78,210,5,89,25,0,0,95,-7,7,8,25,2,45,0,1,1,15,65,3,2,0,70
957,RIS_1,85,300,8,120,30,0,0,100,-7,7,8,30,1,50,0,0,0,10,70,4,1,0,75
958,RIS_1,65,150,3,70,20,1,0,90,5,3,5,20,3,40,2,2,2,20,50,5,3,0,60
959,RIS_1,88,350,10,130,28,0,0,100,-7,7,8,28,1,30,0,2,2,12,45,2,2,1,55
960,RIS_1,70,250,2,80,32,1,0,85,6,4,3,30,3,35,0,1,1,30,50,7,3,2,65
961,RIS_1,89,310,12,110,18,0,0,100,-7,7,8,18,2,55,0,1,1,6,-8,2,2,0,70
962,RIS_1,84,375,6,150,25,0,0,100,-7,7,8,28,1,15,14,0,0,10,-8,7,1,0,80
963,RIS_1,58,130,4,65,22,2,1,75,3,4,4,28,3,60,0,1,1,7,85,2,3,0,85
964,RIS_1,75,135,1,68,17,0,0,90,8,4,6,18,2,25,-7,1,1,4,85,2,2,0,50
965,RIS_1,83,225,35,130,14,0,0,88,11,6,6,14,0,25,3,1,1,2,-8,1,2,0,55
966,RIS_1,67,180,3,85,33,1,1,90,4,0,5,32,2,15,2,1,1,15,35,10,3,0,70
967,RIS_1,76,160,2,72,19,1,0,92,14,6,5,22,4,45,4,1,1,10,60,3,4,0,70
968,RIS_1,72,80,4,55,14,0,0,90,13,6,6,4,3,30,0,1,1,9,-8,2,1,0,45
969,RIS_1,79,170,7,85,28,0,0,100,-7,7,8,42,3,35,0,1,1,22,80,5,3,0,75
970,RIS_1,81,200,20,75,14,0,0,94,30,6,6,14,0,50,14,0,0,3,55,2,2,-8,80
971,RIS_0,74,85,1,43,13,0,0,100,-7,7,8,14,2,30,-8,0,0,60,70,3,2,0,85
972,RIS_0,69,230,3,75,22,0,0,95,2,4,6,24,3,50,0,2,2,40,70,4,2,1,70
973,RIS_0,57,170,2,72,2,5,4,70,33,6,5,8,2,45,0,2,2,0,-8,0,1,0,70
974,RIS_0,63,70,4,40,5,0,0,60,4,4,6,6,2,40,0,0,0,0,75,0,1,-8,65
975,RIS_1,78,210,5,85,22,0,0,95,-7,7,8,25,2,45,1,1,1,15,65,3,2,0,70
976,RIS_1,85,300,8,120,20,0,0,100,-7,7,8,20,1,50,0,0,0,10,70,4,1,0,75
977,RIS_1,72,150,3,60,18,1,0,90,5,3,5,18,3,40,2,2,2,20,60,3,2,0,65
978,RIS_1,88,320,10,130,25,0,0,100,-7,7,8,30,1,30,0,1,1,12,50,5,2,1,55
979,RIS_1,65,250,2,80,35,1,0,85,6,4,2,30,3,35,0,1,1,30,45,7,3,2,60
980,RIS_1,89,310,12,110,18,0,0,100,-7,7,8,18,2,55,0,2,2,6,-8,3,2,0,68
981,RIS_1,84,370,6,150,25,0,0,100,-7,7,8,28,1,15,14,0,0,11,-8,7,1,0,74
982,RIS_1,58,130,4,65,24,2,2,75,3,4,4,30,3,60,0,1,1,7,85,3,4,0,85
983,RIS_1,75,135,1,68,19,0,0,90,8,4,6,20,2,22,-7,2,2,6,87,3,2,0,45
984,RIS_1,83,230,35,130,16,0,0,88,11,6,6,16,0,21,3,1,1,2,-8,2,2,0,52
985,RIS_1,67,180,5,85,33,2,1,90,4,0,5,32,2,15,2,1,1,15,35,10,3,0,66
986,RIS_1,76,160,2,74,21,1,0,92,14,6,5,24,4,47,4,1,1,10,65,4,5,0,68
987,RIS_1,74,80,4,55,16,0,0,90,13,6,6,4,3,29,0,1,1,9,-8,3,1,0,40
988,RIS_1,79,170,7,83,28,0,0,100,-7,7,8,42,3,31,0,1,1,23,83,5,4,0,72
989,RIS_1,81,200,20,75,16,0,0,94,31,6,6,16,0,54,14,0,0,5,58,3,3,-8,84
990,RIS_0,74,85,3,45,15,0,0,100,-7,7,8,16,2,28,-8,0,0,60,72,5,3,0,87
991,RIS_0,69,230,3,72,24,0,0,97,2,4,6,26,3,53,0,4,4,45,75,6,3,1,68
992,RIS_0,57,170,2,72,2,5,4,76,33,6,5,10,2,51,0,4,4,1,-8,1,1,0,68
993,RIS_0,63,70,6,40,7,0,0,58,4,4,6,8,2,44,0,1,1,1,77,1,2,-8,62
994,RIS_1,78,210,5,89,25,0,0,95,12,6,6,25,2,45,3,1,1,15,65,3,2,0,60
995,RIS_1,85,300,8,120,30,0,0,100,-7,7,8,30,1,50,0,0,0,10,70,4,1,0,75
996,RIS_1,72,150,2,70,20,1,0,90,5,3,5,20,3,40,2,2,2,20,50,5,3,0,55
997,RIS_1,88,320,10,130,28,0,0,100,-7,7,8,28,1,30,0,1,1,12,45,2,2,1,65
998,RIS_1,65,250,1,80,32,1,0,85,6,4,2,34,3,35,0,1,1,35,50,7,3,3,60
999,RIS_1,89,310,12,110,18,0,0,100,-7,7,8,18,2,55,0,2,2,6,-7,2,2,0,70
1000,RIS_1,84,370,6,150,25,0,0,100,-7,7,8,28,1,15,14,0,0,11,-7,7,1,0,80
1001,RIS_1,58,120,4,60,22,2,2,70,3,4,4,28,3,60,0,1,1,7,85,2,4,0,85
1002,RIS_1,75,125,1,65,17,0,0,88,8,4,6,18,2,20,-6,2,2,4,85,2,2,0,45
1003,RIS_1,83,215,35,130,14,0,0,86,11,6,6,14,0,25,3,1,1,2,-7,1,2,0,55
1004,RIS_1,67,170,3,85,33,2,1,88,4,0,5,32,2,15,2,1,1,15,35,10,3,0,70
1005,RIS_1,76,150,0,70,19,1,0,90,14,6,5,22,4,45,4,1,1,10,60,3,5,0,70
1006,RIS_1,74,70,2,45,14,0,0,88,13,6,6,2,3,25,0,1,1,9,-7,2,1,0,40
1007,RIS_1,79,160,7,80,28,0,0,100,-7,7,8,42,3,35,0,1,1,23,80,5,4,0,75
1008,RIS_1,81,195,20,75,14,0,0,92,30,6,6,14,0,50,14,0,0,3,55,2,3,-7,85
1009,RIS_0,74,75,1,40,13,0,0,100,-7,7,8,14,2,25,-7,0,0,60,70,3,3,0,90
1010,RIS_0,69,220,1,65,22,0,0,95,0,4,6,24,3,50,0,2,2,45,70,4,3,1,70
1011,RIS_0,57,160,0,70,0,5,4,70,33,6,5,8,2,45,0,2,2,-1,-7,0,1,0,70
1012,RIS_0,63,60,4,35,5,0,0,55,2,4,6,6,2,40,0,0,0,-1,75,0,2,-7,65
