ExternalRiskEstimate,MSinceOldestTradeOpen,MSinceMostRecentTradeOpen,AverageMInFile,NumSatisfactoryTrades,NumTrades60Ever2DerogPubRec,NumTrades90Ever2DerogPubRec,PercentTradesNeverDelq,MSinceMostRecentDelq,MaxDelq2PublicRecLast12M,MaxDelqEver,NumTotalTrades,NumTradesOpeninLast12M,PercentInstallTrades,MSinceMostRecentInqexcl7days,NumInqLast6M,NumInqLast6Mexcl7days,NetFractionRevolvingBurden,NetFractionInstallBurden,NumRevolvingTradesWBalance,NumInstallTradesWBalance,NumBank2NatlTradesWHighUtilization,PercentTradesWBalance,RiskPerformance
69,187,3,61,28,0,0,100,-6,7,8,45,3,34,0,1,1,34,85,6,4,1,82,RIS_0
67,160,25,111,12,0,0,92,-8,7,6,26,0,16,0,0,0,96,-8,6,1,3,100,RIS_0
70,171,17,100,15,0,0,96,10,6,6,16,0,54,0,2,2,80,80,4,2,1,75,RIS_0
82,181,6,92,27,0,0,100,-6,7,8,23,1,0,20,0,0,36,-9,6,1,2,24,RIS_1
53,83,4,34,16,1,1,69,1,4,5,16,2,41,0,2,2,69,86,5,2,2,90,RIS_0
74,158,12,69,9,0,0,100,-7,7,8,13,0,53,0,1,1,74,59,3,2,2,99,RIS_0
89,221,7,106,14,0,0,100,-7,7,8,16,1,41,0,2,2,-1,-9,1,1,0,33,RIS_1
73,159,13,90,31,0,0,93,4,6,6,29,1,56,0,3,3,58,87,4,2,1,78,RIS_0
66,45,4,51,9,1,1,88,-7,6,2,15,1,57,0,2,2,-6,81,1,2,-8,100,RIS_0
79,273,2,118,32,0,0,97,74,6,6,68,3,27,5,0,0,18,55,10,5,1,48,RIS_1
87,207,2,70,40,0,0,100,-7,7,8,38,2,49,0,0,0,3,68,3,4,0,32,RIS_1
92,134,2,68,18,0,0,100,-7,7,8,22,2,56,0,3,3,4,93,2,4,0,58,RIS_1
63,440,2,104,35,3,2,90,11,6,2,36,3,37,0,1,1,14,62,5,4,0,68,RIS_1
70,166,17,70,26,0,0,100,-7,6,8,37,1,18,0,3,3,58,69,5,2,2,86,RIS_0
67,272,3,100,72,0,0,97,59,6,6,48,3,39,0,4,8,74,82,10,5,4,85,RIS_0
73,190,12,90,24,0,0,100,-7,6,6,29,0,24,0,1,1,64,68,6,2,1,84,RIS_0
70,294,5,94,49,0,0,96,-7,7,6,67,2,12,0,0,0,48,-9,7,2,4,45,RIS_1
57,79,4,51,6,1,1,82,15,6,2,15,1,59,0,1,1,82,90,2,2,1,100,RIS_0
85,113,10,26,7,0,0,100,-7,7,8,1,0,57,0,0,0,17,-8,1,1,0,99,RIS_0
86,351,71,230,11,0,0,100,-7,7,8,9,0,4,-8,0,0,20,-8,3,1,0,33,RIS_1
73,35,0,31,21,0,0,100,-7,7,8,25,4,33,0,6,9,37,94,6,3,1,81,RIS_0
79,184,5,86,28,0,0,100,-7,7,8,20,1,33,5,0,0,24,88,6,2,1,69,RIS_1
84,368,18,115,29,1,0,96,50,6,5,35,0,12,0,0,0,11,-7,4,2,0,50,RIS_1
67,74,12,57,7,0,0,100,-7,6,6,11,0,51,0,2,2,89,86,2,2,1,100,RIS_0
66,379,19,165,32,1,0,100,-7,6,8,45,0,28,0,1,1,70,46,5,3,1,90,RIS_1
79,140,3,78,40,0,0,96,3,4,6,51,3,19,0,2,2,2,102,5,2,0,39,RIS_1
76,230,1,62,23,0,0,100,-7,7,8,22,2,19,0,0,0,43,88,6,2,4,82,RIS_0
73,85,0,64,20,0,0,100,-6,7,8,39,4,56,0,2,2,44,90,5,4,1,87,RIS_0
88,451,37,145,27,1,0,95,60,6,6,25,0,19,0,4,4,-3,-7,0,-8,0,11,RIS_1
61,92,9,74,4,7,7,91,36,6,2,12,0,61,0,4,3,92,-9,2,1,1,100,RIS_0
75,194,15,45,30,0,0,96,18,6,6,29,1,74,0,2,2,47,76,3,4,1,89,RIS_0
73,183,8,67,21,0,0,100,-7,7,8,17,1,54,0,0,0,70,72,5,3,2,75,RIS_1
86,187,4,82,27,0,0,100,-6,7,8,30,3,14,0,1,1,2,90,2,2,0,27,RIS_1
85,190,1,34,19,0,0,100,-7,6,8,18,3,47,0,2,2,3,94,1,2,0,62,RIS_1
62,103,0,35,0,1,1,90,58,6,2,1,3,54,0,1,0,10,92,1,3,0,64,RIS_0
60,170,3,79,46,2,1,88,5,4,2,41,6,42,0,2,2,28,87,5,4,1,69,RIS_0
75,437,6,96,49,1,0,94,61,6,6,49,3,33,8,0,0,12,81,9,4,1,62,RIS_1
87,394,15,142,10,0,0,100,-7,7,8,7,1,7,16,0,0,0,-9,2,1,0,51,RIS_1
77,332,26,131,21,0,0,93,45,6,6,17,0,28,0,1,1,13,-9,2,1,0,50,RIS_1
75,-1,1,23,12,0,0,100,-7,7,8,5,3,38,0,4,4,4,91,2,2,0,64,RIS_0
71,365,4,100,17,1,0,96,9,6,5,56,3,28,0,2,2,4,-8,6,2,0,37,RIS_1
59,170,15,87,19,2,2,89,31,6,2,31,0,34,0,1,1,51,81,3,4,1,100,RIS_0
59,56,2,51,9,1,1,93,54,6,6,20,1,15,0,2,2,98,-7,5,1,4,100,RIS_0
77,135,3,80,25,1,1,96,-8,6,6,26,3,41,0,5,5,17,97,2,4,0,77,RIS_0
72,194,3,68,41,0,0,97,72,6,6,63,5,14,0,1,1,15,-8,8,2,1,24,RIS_1
71,204,41,118,15,0,0,95,22,6,6,22,0,28,0,3,3,74,-8,4,1,1,78,RIS_0
70,179,3,65,21,1,1,95,53,6,6,29,3,57,0,5,5,11,91,2,2,0,81,RIS_0
65,176,1,87,28,1,1,94,25,6,6,32,3,41,0,9,9,22,90,5,3,1,78,RIS_0
74,158,12,74,28,1,1,93,12,6,5,27,1,64,7,0,0,1,80,1,4,0,69,RIS_1
65,313,25,125,17,4,1,87,32,6,2,27,0,31,0,1,1,4,-8,3,2,0,70,RIS_1
56,381,5,84,41,1,0,87,-1,4,5,58,3,28,0,1,1,58,73,9,4,3,68,RIS_0
70,136,2,81,19,1,0,85,4,4,5,35,1,27,0,3,3,9,-7,2,2,0,59,RIS_0
71,171,13,79,37,0,0,97,-7,6,6,40,1,36,0,0,0,54,41,6,3,1,72,RIS_1
80,37,5,47,20,0,0,97,-7,7,6,25,2,33,17,0,0,4,99,2,3,0,34,RIS_1
68,159,2,68,14,1,1,93,-7,6,6,23,2,68,0,1,1,79,88,5,5,1,86,RIS_0
59,170,7,85,11,1,0,77,1,4,5,14,1,55,0,0,0,4,92,0,3,0,47,RIS_0
68,76,5,28,3,0,0,100,-7,7,8,0,1,9,0,1,1,49,-8,1,1,0,98,RIS_0
63,333,15,110,35,4,4,85,4,4,2,34,0,31,0,2,2,15,14,6,2,0,68,RIS_0
88,195,0,80,13,0,0,100,-6,7,8,15,2,36,0,1,1,5,83,1,2,0,53,RIS_1
86,228,1,71,28,0,0,100,-8,7,8,17,3,5,0,1,1,12,-8,4,1,0,41,RIS_1
73,28,5,48,20,0,0,96,17,6,6,28,3,18,0,0,0,52,-9,5,1,1,36,RIS_0
70,227,4,54,13,4,2,70,4,0,2,23,3,35,0,6,3,8,101,1,4,0,73,RIS_0
83,121,2,76,18,0,0,100,-7,7,8,17,2,30,0,3,3,10,92,2,2,0,58,RIS_1
67,147,2,87,21,1,0,86,4,4,5,27,1,55,0,2,2,-3,81,2,4,0,48,RIS_0
61,167,20,99,20,4,1,60,11,0,2,16,0,31,0,1,1,66,-7,3,1,1,70,RIS_0
69,44,5,47,6,0,0,100,-6,6,8,0,1,65,0,3,3,12,-8,1,1,-8,100,RIS_0
65,185,3,64,27,0,0,94,2,4,6,42,3,40,0,3,3,59,55,8,4,3,89,RIS_0
71,153,2,55,34,0,0,100,-7,7,8,30,4,37,0,1,1,48,85,5,4,2,87,RIS_0
73,443,20,114,58,1,0,96,1,4,6,48,0,10,0,5,6,1,-8,7,1,1,53,RIS_0
66,126,11,84,35,0,0,97,7,4,6,29,1,45,0,9,9,64,78,5,3,1,88,RIS_0
77,412,4,102,25,0,0,100,-6,6,8,26,1,21,-9,0,0,45,-9,4,1,1,47,RIS_1
70,113,4,48,14,0,0,89,8,6,6,8,2,56,0,0,0,38,89,2,2,1,68,RIS_0
62,100,15,81,3,4,1,51,18,6,2,12,0,56,0,1,1,92,-7,1,1,1,100,RIS_0
74,400,33,202,11,0,0,94,33,6,6,18,0,24,0,1,0,91,-8,4,1,3,99,RIS_0
86,135,25,97,19,0,0,100,-7,7,6,15,0,51,0,0,0,28,-9,2,2,0,24,RIS_1
53,100,5,42,31,2,0,89,2,4,5,26,4,50,0,2,2,79,81,5,4,3,93,RIS_0
73,72,5,58,12,0,0,100,-7,7,8,9,1,63,0,0,0,21,88,2,2,0,70,RIS_0
71,515,15,143,27,1,1,88,34,6,5,21,0,4,14,0,0,36,-6,9,-8,1,49,RIS_1
73,223,7,89,27,1,0,100,-7,6,8,15,3,5,15,0,0,41,-8,4,1,1,66,RIS_1
74,64,1,31,13,0,0,100,-7,7,6,17,3,49,0,1,1,7,85,2,2,0,63,RIS_0
85,-4,6,3,3,0,0,100,-7,7,8,1,1,7,0,1,1,-2,-8,0,1,0,45,RIS_1
58,130,11,87,9,1,0,57,2,4,5,14,1,45,0,0,0,79,76,3,2,1,95,RIS_0
74,405,3,88,28,0,0,100,-7,7,8,52,3,-1,0,1,1,11,-9,10,-8,1,48,RIS_1
54,144,5,81,29,1,0,88,1,4,5,44,2,60,0,0,0,51,69,5,4,1,86,RIS_0
76,142,6,79,36,0,0,94,-7,6,6,69,1,65,0,0,0,53,82,6,11,2,88,RIS_0
72,289,14,73,30,1,1,86,5,4,5,43,0,35,9,0,0,-1,66,3,3,0,54,RIS_1
74,174,16,85,14,0,0,92,10,4,6,21,1,21,0,0,0,6,-9,0,1,0,33,RIS_0
74,122,3,50,38,0,0,100,-7,7,8,36,6,35,0,2,2,32,92,5,3,1,42,RIS_1
64,102,13,62,10,0,0,94,51,6,6,9,1,19,0,0,0,64,-9,3,1,1,77,RIS_0
64,61,14,73,4,0,0,92,-7,6,6,9,1,49,0,2,1,100,-9,3,1,1,99,RIS_0
73,572,2,100,70,1,0,96,14,6,6,54,2,17,0,4,4,13,42,8,3,1,52,RIS_1
59,150,17,85,17,7,2,78,4,4,2,25,0,84,0,2,2,69,66,2,5,1,100,RIS_0
88,410,8,147,34,0,0,97,-6,6,7,59,1,14,0,1,1,6,-7,2,1,0,29,RIS_1
79,194,1,68,15,0,0,100,-7,7,8,19,3,12,0,3,3,16,-6,2,1,0,38,RIS_1
53,404,2,95,44,1,1,88,1,4,2,49,2,36,0,8,4,65,91,9,3,1,70,RIS_0
77,213,3,66,40,0,0,96,11,4,6,76,3,30,11,0,0,12,96,6,3,0,41,RIS_1
81,221,8,99,17,1,1,93,65,6,2,23,1,49,0,1,1,3,96,1,2,0,66,RIS_1
78,283,18,116,32,0,0,97,78,6,6,33,0,25,7,0,0,13,32,5,3,0,42,RIS_1
60,64,4,56,18,0,0,93,3,4,6,29,4,34,0,4,3,106,94,9,3,4,86,RIS_0
72,174,3,71,40,0,0,100,-7,7,8,38,5,39,0,3,3,10,71,5,5,1,56,RIS_1
78,564,16,111,32,0,0,100,-7,6,8,29,1,-4,0,0,0,31,-9,12,-8,4,39,RIS_1
82,93,9,36,13,0,0,100,-7,7,8,23,2,55,0,1,1,54,74,1,5,0,84,RIS_0
87,97,44,134,4,1,0,93,83,6,5,1,0,17,0,0,0,4,-9,0,1,0,100,RIS_1
65,155,19,28,9,0,0,88,-7,6,6,25,1,46,0,0,0,38,76,1,2,0,99,RIS_0
67,28,6,19,5,1,1,92,-7,6,8,5,1,6,0,1,1,34,-9,3,-8,1,100,RIS_0
60,104,3,0,12,0,0,100,-6,7,8,14,6,2,0,4,4,89,-7,10,1,5,85,RIS_0
87,152,9,94,21,0,0,100,-7,7,8,23,1,34,21,0,0,-2,-8,2,2,0,45,RIS_1
78,274,14,89,26,0,0,100,-7,7,8,30,0,63,0,0,0,41,75,3,4,0,91,RIS_1
79,131,0,53,25,0,0,100,-7,7,8,28,3,46,0,1,1,1,96,2,3,0,52,RIS_1
86,410,22,155,12,1,1,91,45,6,2,8,0,12,-8,0,0,1,-9,1,1,0,42,RIS_1
92,176,3,85,7,0,0,100,-7,7,8,16,0,16,0,1,1,31,-8,1,1,0,32,RIS_0
60,119,5,60,24,0,0,95,2,4,6,21,3,69,0,0,0,104,76,6,4,2,87,RIS_0
61,149,7,70,17,0,0,95,-7,6,6,18,1,59,0,0,0,91,98,5,2,2,86,RIS_0
58,118,2,49,21,2,2,90,26,6,2,26,3,53,0,3,3,98,81,5,4,3,98,RIS_0
63,49,3,60,12,2,2,91,-7,6,8,8,3,45,0,4,3,98,96,2,4,1,100,RIS_0
83,142,3,74,12,1,1,100,-7,7,8,18,2,16,0,1,1,13,-8,2,1,0,65,RIS_1
74,164,3,56,19,0,0,95,69,6,6,25,3,39,0,3,3,49,80,4,4,2,90,RIS_0
74,161,1,80,45,0,0,97,-7,6,6,61,3,52,0,5,5,53,80,5,4,1,71,RIS_0
85,3,2,26,8,0,0,100,-7,7,8,2,1,15,0,5,5,23,-6,0,1,0,46,RIS_0
68,50,3,53,7,1,0,93,83,6,5,14,1,66,0,3,2,-2,94,1,2,-8,100,RIS_0
77,356,0,105,24,0,0,96,4,4,6,33,1,19,0,4,4,-2,-7,3,2,0,35,RIS_1
77,8,1,8,4,0,0,100,-6,7,8,3,4,43,0,2,2,7,93,0,2,0,59,RIS_0
59,139,10,75,14,0,0,83,2,4,6,16,1,58,0,2,2,81,81,3,3,1,100,RIS_0
74,125,2,56,34,0,0,100,-7,7,8,36,5,46,0,4,4,48,73,5,5,2,88,RIS_0
62,170,7,81,23,1,1,82,1,4,2,19,1,43,0,0,0,42,87,5,3,1,86,RIS_0
66,206,8,46,17,0,0,89,2,4,6,26,1,58,0,1,1,47,71,2,3,1,87,RIS_0
70,160,1,76,35,0,0,97,15,6,6,58,6,12,0,2,2,9,96,5,3,1,23,RIS_1
69,218,13,75,38,0,0,100,-7,7,8,28,1,15,0,1,1,38,-9,5,1,2,34,RIS_0
73,-9,48,115,3,0,0,100,-7,7,8,7,0,3,0,1,1,3,-8,1,1,-8,99,RIS_0
80,124,8,73,43,0,0,100,-8,7,8,45,1,67,0,2,2,90,73,8,4,3,92,RIS_0
83,362,9,92,29,0,0,100,-7,7,8,17,0,21,0,0,0,3,72,3,2,0,44,RIS_1
79,257,9,83,29,0,0,100,-7,6,8,37,1,41,0,2,2,25,12,5,3,0,70,RIS_1
90,158,9,87,9,0,0,90,-7,6,6,10,1,48,0,2,1,1,-9,0,1,0,6,RIS_0
69,308,7,100,36,0,0,95,24,6,6,54,1,26,0,1,0,90,57,7,4,3,91,RIS_0
66,83,64,86,4,1,0,64,19,6,5,2,0,62,0,1,0,-9,-7,1,1,-8,100,RIS_0
69,223,5,65,19,1,1,92,18,6,2,13,1,37,0,2,2,4,90,0,2,0,78,RIS_0
67,202,2,106,21,0,0,95,19,6,6,25,2,9,0,2,2,46,-9,7,1,2,72,RIS_0
91,161,8,77,17,0,0,100,-7,6,8,20,2,22,0,0,0,5,-8,1,1,0,47,RIS_1
76,162,8,84,12,0,0,100,-7,7,8,20,1,49,0,1,1,28,80,2,4,0,76,RIS_1
73,153,3,91,18,0,0,92,10,6,6,26,1,46,0,3,3,16,81,2,4,0,77,RIS_0
74,163,3,76,33,0,0,97,11,4,6,28,3,45,0,1,1,11,92,2,3,0,43,RIS_1
68,141,2,74,41,0,0,96,74,6,6,43,6,39,0,1,1,20,93,5,5,1,69,RIS_1
79,326,10,92,19,0,0,100,-7,7,8,26,0,49,17,0,0,48,70,3,4,1,85,RIS_1
77,201,1,75,21,0,0,100,-7,7,8,45,2,34,0,1,1,31,87,5,3,0,74,RIS_1
65,44,1,18,15,1,1,100,-7,6,8,12,4,47,0,2,2,32,87,2,2,0,70,RIS_0
57,178,6,66,24,2,2,91,8,6,5,27,1,49,0,2,2,97,77,8,4,3,86,RIS_0
73,453,2,119,47,0,0,100,-7,7,8,48,3,20,15,0,0,15,93,8,3,1,54,RIS_1
83,205,4,91,21,0,0,100,-7,7,8,22,1,18,19,0,0,38,-8,5,1,1,35,RIS_1
57,230,3,75,13,4,1,80,5,6,2,15,1,66,0,2,2,54,73,3,3,1,82,RIS_0
84,180,8,93,23,0,0,100,-7,7,8,31,1,21,0,1,1,5,69,2,2,0,34,RIS_1
75,203,4,72,32,0,0,100,-7,6,7,37,2,43,16,0,0,5,60,6,4,1,55,RIS_1
71,52,10,15,5,0,0,100,-8,7,8,3,1,43,0,0,0,85,86,2,2,1,100,RIS_0
60,176,15,62,9,2,2,65,19,6,5,5,0,100,0,0,0,-2,-9,0,1,-8,100,RIS_0
85,185,1,87,20,0,0,100,-8,7,8,26,2,26,0,4,2,0,86,3,2,0,50,RIS_1
83,166,9,88,25,0,0,100,-7,7,8,29,1,45,0,0,0,34,85,5,4,1,85,RIS_1
77,103,16,104,8,1,0,91,68,6,5,19,1,49,18,0,0,1,-8,1,2,0,46,RIS_1
59,195,8,71,16,4,4,63,6,0,2,13,1,54,0,0,0,70,89,1,4,0,99,RIS_0
84,84,14,84,15,0,0,100,-7,7,8,-7,0,63,0,3,3,15,74,1,2,0,100,RIS_1
72,152,4,94,7,1,1,90,14,6,6,18,1,16,0,0,0,51,-6,5,1,1,82,RIS_0
65,54,10,46,3,2,1,73,35,6,5,-4,0,96,0,1,1,6,62,1,2,-8,100,RIS_0
67,198,12,78,8,2,2,93,80,6,5,5,0,21,-8,0,0,7,-8,2,1,0,53,RIS_1
62,211,3,53,23,0,0,100,-7,6,8,27,6,35,0,5,4,39,96,6,3,1,63,RIS_0
67,199,7,86,19,1,1,100,-7,7,8,11,1,27,0,1,1,81,73,5,2,3,100,RIS_0
65,239,13,66,16,1,1,84,7,4,5,18,1,11,0,1,1,41,-8,3,1,0,36,RIS_0
86,435,2,102,21,0,0,100,-7,7,8,31,2,14,0,1,1,2,-9,3,1,0,11,RIS_1
78,-1,4,39,8,0,0,100,-7,7,8,6,3,20,0,2,2,41,-7,3,1,0,80,RIS_1
70,57,8,40,15,0,0,96,-7,6,6,12,1,39,0,2,2,9,92,1,3,0,66,RIS_0
83,168,2,51,45,0,0,100,-7,7,8,45,2,46,0,1,1,39,65,5,5,1,69,RIS_1
72,110,3,26,15,0,0,100,-7,6,8,12,2,48,0,4,4,27,102,1,2,0,100,RIS_0
82,151,9,67,17,0,0,100,-7,7,8,15,1,35,0,0,0,24,93,2,2,0,64,RIS_0
87,148,5,111,30,0,0,100,-7,7,8,39,1,57,5,0,0,0,64,2,4,0,63,RIS_1
59,81,11,75,3,2,1,63,30,6,2,4,1,60,0,2,2,0,-9,-7,1,-8,99,RIS_0
64,358,5,93,32,0,0,96,34,6,6,28,1,16,0,3,3,66,-6,9,1,3,69,RIS_0
80,163,1,64,31,0,0,100,-7,7,8,30,3,22,0,1,1,20,91,4,2,0,53,RIS_1
86,194,2,62,30,0,0,95,-7,6,6,48,6,46,0,2,2,1,92,2,4,0,33,RIS_1
62,165,3,31,18,0,0,94,-7,6,8,28,2,13,0,2,2,70,-9,9,1,4,93,RIS_0
65,4,0,30,4,0,0,100,-7,7,8,-5,2,50,0,4,3,89,85,2,2,1,98,RIS_0
78,268,0,89,36,0,0,100,-6,7,8,60,6,16,0,2,2,15,96,5,2,0,25,RIS_1
82,431,12,101,24,0,0,100,-7,7,8,51,0,18,0,2,2,7,-9,3,1,0,27,RIS_1
67,6,8,35,8,0,0,100,-7,7,8,4,1,17,0,1,1,98,-9,6,1,4,98,RIS_0
69,525,12,94,32,1,0,95,2,4,5,29,1,10,0,1,1,4,33,4,2,0,19,RIS_1
73,184,20,203,12,0,0,100,-7,7,8,1,0,2,0,3,3,87,-9,2,1,1,100,RIS_0
76,202,11,95,20,0,0,100,-7,7,8,23,1,21,0,0,0,1,-8,3,2,0,69,RIS_1
58,60,17,-1,2,0,0,55,7,6,6,3,0,92,0,0,0,3,61,-9,2,-8,100,RIS_0
73,185,7,96,16,0,0,94,4,4,6,11,0,59,0,1,1,50,78,3,2,1,84,RIS_0
72,175,25,108,21,1,0,93,21,6,6,18,0,42,20,0,0,79,39,3,4,1,100,RIS_1
79,434,14,102,25,0,0,100,-7,7,8,24,0,19,0,2,2,14,-9,6,1,0,29,RIS_1
80,221,3,87,25,0,0,100,-7,7,8,25,1,36,0,2,2,4,81,1,3,0,70,RIS_1
77,380,3,129,18,0,0,100,-7,6,8,22,2,15,0,2,2,2,-7,3,1,0,52,RIS_1
65,96,4,49,20,0,0,100,-7,7,8,15,1,11,0,2,2,90,-8,5,1,4,75,RIS_0
64,69,6,55,12,0,0,92,48,6,6,21,1,16,0,1,1,61,-8,4,1,1,100,RIS_0
77,129,5,103,25,0,0,96,53,6,6,21,1,9,0,1,1,0,-9,1,2,0,33,RIS_1
94,283,7,169,16,1,1,100,-7,6,8,11,1,20,-8,0,0,1,-6,2,1,0,45,RIS_1
62,146,2,69,36,1,0,96,3,4,6,47,3,36,0,2,2,7,91,3,5,0,29,RIS_0
66,75,1,6,21,0,0,100,-7,7,8,12,1,50,0,4,4,50,-8,3,1,1,76,RIS_0
80,147,14,89,8,0,0,95,57,6,6,0,0,35,0,3,2,-6,-9,1,-8,-8,3,RIS_0
90,216,7,88,25,0,0,100,-6,6,8,22,1,43,0,1,1,-1,80,1,4,0,50,RIS_1
62,298,5,68,57,0,0,95,13,6,6,48,1,41,0,1,1,60,74,9,5,3,90,RIS_0
70,79,5,38,12,1,0,91,74,6,5,9,1,51,17,0,0,92,84,2,3,1,99,RIS_0
64,154,12,101,7,1,1,78,74,6,2,10,0,-9,0,4,2,48,-7,3,1,1,19,RIS_0
70,429,2,83,44,0,0,95,-7,6,7,57,3,16,0,1,1,17,-8,8,1,0,38,RIS_1
73,359,11,125,11,3,2,59,8,1,2,18,0,25,0,1,1,4,-7,1,1,0,39,RIS_1
56,166,6,92,28,2,1,85,4,2,2,36,2,16,0,1,1,41,-7,6,2,1,66,RIS_0
71,-9,5,46,1,1,1,100,-7,6,8,6,1,5,0,1,1,4,-7,1,1,-8,15,RIS_0
53,67,4,54,13,0,0,77,2,4,6,15,1,15,0,0,0,97,-7,5,1,3,91,RIS_0
74,395,1,95,35,0,0,95,11,6,6,40,7,19,1,4,8,8,-7,8,1,1,34,RIS_0
57,107,5,59,17,1,1,85,4,6,2,19,1,52,0,1,1,76,76,6,4,2,82,RIS_0
68,201,4,61,38,0,0,100,-7,7,8,35,4,19,0,2,2,53,-9,8,1,3,57,RIS_0
68,-6,19,56,6,1,0,92,73,6,6,11,1,56,0,0,0,87,84,2,2,1,100,RIS_0
72,195,13,96,11,0,0,100,-8,7,8,16,1,52,0,0,0,72,78,3,2,1,100,RIS_1
77,230,1,68,41,0,0,96,2,4,6,40,4,16,0,2,2,10,85,5,2,0,26,RIS_1
59,172,6,88,23,0,0,94,22,6,6,22,0,47,0,2,2,80,83,5,3,2,90,RIS_0
85,199,-1,89,19,0,0,100,-7,6,8,21,3,13,0,4,4,-2,-7,2,1,0,36,RIS_1
63,-9,3,27,9,1,1,100,-7,7,8,-2,1,63,0,5,5,23,-9,1,1,-8,99,RIS_0
65,145,6,59,24,0,0,92,3,4,6,21,2,78,0,0,0,-2,60,1,4,0,87,RIS_0
62,151,3,68,18,4,2,82,1,0,2,21,3,54,0,4,4,78,68,5,4,2,90,RIS_0
71,449,10,113,57,0,0,94,26,6,6,73,1,37,0,2,2,20,64,6,3,1,32,RIS_1
58,104,7,98,2,4,1,75,19,6,2,12,0,57,0,5,4,102,-7,3,1,1,100,RIS_0
83,267,3,105,26,0,0,100,-7,7,8,68,3,20,13,0,0,12,-8,5,1,0,28,RIS_1
61,165,2,63,47,2,0,96,20,6,6,30,3,49,0,9,9,92,74,8,16,3,91,RIS_0
72,49,3,64,21,0,0,100,-7,7,8,27,1,29,0,0,0,96,-7,5,1,3,80,RIS_0
71,228,2,41,21,1,0,96,59,6,6,27,4,42,0,2,2,1,106,1,4,0,49,RIS_1
54,131,9,36,5,0,0,100,-7,7,8,-1,0,15,0,0,0,89,-8,4,1,3,100,RIS_0
84,167,17,101,11,0,0,100,-7,7,8,15,1,63,-8,0,0,23,75,2,2,0,90,RIS_1
62,200,3,70,13,6,2,63,6,0,2,16,1,38,0,4,4,5,-8,1,1,0,50,RIS_0
57,177,10,65,21,1,0,79,3,4,5,23,1,50,0,2,2,99,85,8,4,3,93,RIS_0
78,309,1,96,51,1,0,95,15,6,6,77,2,8,0,1,1,13,-8,8,1,0,34,RIS_1
70,44,9,75,22,0,0,100,-7,7,8,18,1,56,0,0,0,103,66,5,4,3,100,RIS_0
75,90,6,70,9,1,0,100,-7,6,8,17,2,16,12,0,0,37,-6,4,1,1,74,RIS_0
79,186,3,60,40,0,0,100,-7,7,8,40,6,43,0,6,8,2,91,3,9,0,56,RIS_1
75,125,3,58,25,0,0,100,-7,7,8,27,1,18,0,0,0,7,-9,2,2,1,48,RIS_0
71,112,6,11,2,0,0,100,-7,7,8,4,1,60,0,3,3,13,-9,1,1,-8,100,RIS_0
62,153,3,93,18,3,2,78,4,1,2,43,1,12,0,1,1,6,98,2,2,0,58,RIS_1
68,100,6,89,5,1,1,79,9,6,2,13,0,17,0,2,2,59,-8,1,1,0,61,RIS_0
87,158,2,80,26,0,0,96,-7,6,6,29,3,13,0,2,2,2,-8,2,2,0,37,RIS_1
50,360,4,91,36,1,1,95,1,4,5,75,1,13,0,4,4,31,62,9,3,1,33,RIS_0
71,371,21,85,28,1,0,92,1,4,6,18,0,24,0,2,2,15,-8,3,1,0,45,RIS_0
73,189,2,66,36,1,1,96,29,6,2,29,3,49,0,2,2,17,96,6,4,0,70,RIS_1
82,279,11,98,38,0,0,97,-7,6,6,25,0,12,0,1,1,19,42,5,2,0,28,RIS_1
85,137,11,91,14,1,1,100,-7,6,8,13,1,40,0,1,1,-2,-6,1,1,0,30,RIS_1
58,143,17,88,13,1,0,93,15,6,6,14,0,16,0,4,4,92,-9,6,1,2,69,RIS_0
81,130,3,54,32,0,0,97,-7,6,7,43,3,41,0,0,0,6,77,3,5,0,67,RIS_1
67,98,1,66,21,0,0,93,5,4,6,30,3,23,0,1,1,45,-9,5,2,2,52,RIS_0
82,162,13,92,8,0,0,85,22,6,6,11,0,20,0,0,0,4,-9,1,1,0,-8,RIS_1
84,293,19,111,25,0,0,100,-7,7,8,19,0,33,-8,0,0,1,-9,3,2,0,42,RIS_1
69,111,8,99,25,0,1,100,-7,7,8,23,0,43,0,4,4,87,67,6,2,2,87,RIS_0
57,132,4,71,33,2,1,94,62,6,2,35,4,58,0,9,9,94,84,7,5,3,91,RIS_0
50,251,4,110,23,4,2,78,5,0,2,35,1,28,0,1,1,89,72,8,4,4,84,RIS_0
87,32,12,63,5,0,0,100,-7,7,8,7,0,57,17,0,0,19,-8,2,1,0,100,RIS_1
70,227,11,100,34,0,0,96,1,4,6,25,1,28,0,2,2,43,77,5,3,1,63,RIS_0
70,74,10,65,10,0,0,100,-8,7,8,7,1,42,0,1,1,62,90,3,4,1,83,RIS_0
58,66,0,3,2,1,1,100,-7,7,8,13,4,48,0,8,4,89,84,3,3,1,99,RIS_0
62,480,32,141,31,1,0,81,3,4,5,35,0,24,0,2,1,55,47,5,2,2,90,RIS_0
86,202,14,74,20,0,0,100,-7,7,8,20,1,50,0,1,0,3,73,1,4,0,76,RIS_1
80,452,12,120,52,0,0,100,-7,7,8,34,1,17,0,2,2,16,-8,6,1,1,30,RIS_1
76,181,2,70,45,0,0,96,-7,6,6,29,3,56,0,2,2,46,80,5,4,1,73,RIS_1
73,179,19,77,22,0,0,94,16,6,6,25,0,53,19,0,0,48,78,2,4,0,88,RIS_0
74,128,8,68,13,0,0,100,-7,6,6,10,1,52,0,0,0,27,66,1,4,0,88,RIS_0
79,186,11,100,8,0,0,100,-8,7,8,18,1,35,0,1,1,11,-9,3,1,0,71,RIS_1
92,186,7,116,26,0,0,100,-7,7,8,29,1,35,0,1,1,2,-5,2,2,0,51,RIS_1
86,152,2,75,7,0,0,100,-7,7,8,17,2,34,0,5,4,8,87,1,2,0,45,RIS_1
76,349,19,99,23,1,1,95,46,6,5,34,1,21,0,2,2,-2,-8,1,1,0,13,RIS_1
80,341,9,146,25,1,0,96,-6,6,7,35,1,24,0,1,1,1,-7,3,2,0,51,RIS_1
68,397,51,170,2,2,2,100,-7,6,8,6,0,-9,0,0,0,80,-8,4,1,1,99,RIS_0
76,70,3,42,27,0,0,100,-6,7,8,19,6,26,0,2,2,17,91,3,3,0,65,RIS_1
72,65,2,58,26,0,0,96,-7,7,6,34,4,48,0,2,2,34,91,5,3,1,40,RIS_0
64,197,5,59,55,0,0,94,-6,6,6,43,3,50,0,0,0,76,78,10,4,4,91,RIS_0
76,149,8,74,10,0,0,100,-7,7,6,7,1,62,0,2,2,22,-9,2,2,0,63,RIS_0
59,169,1,80,21,2,1,96,55,6,2,31,3,58,16,0,0,37,89,5,4,0,89,RIS_1
83,335,9,100,23,0,0,100,-7,7,8,36,1,10,0,1,1,-1,-9,2,1,0,39,RIS_1
91,199,2,70,24,0,0,100,-7,7,8,21,1,13,0,0,0,13,-8,2,1,0,36,RIS_1
83,176,12,86,25,0,0,100,-7,7,8,20,0,56,14,0,0,8,85,0,2,0,77,RIS_1
77,514,9,96,43,0,0,97,56,6,6,23,1,18,12,0,0,25,74,5,3,0,52,RIS_1
63,44,12,51,8,4,4,70,22,6,2,3,0,77,0,0,0,115,83,2,4,1,100,RIS_0
69,189,2,69,21,0,0,100,-7,6,8,17,3,45,0,3,3,3,92,2,3,0,78,RIS_1
69,172,9,82,24,0,0,92,67,6,6,33,1,56,0,1,1,83,67,5,4,3,100,RIS_0
71,192,2,70,20,0,0,94,22,6,6,13,3,21,0,2,2,1,-9,4,1,0,34,RIS_0
84,198,6,43,17,0,0,100,-7,7,8,11,2,34,0,0,0,9,-8,2,1,0,33,RIS_1
73,145,3,61,32,0,0,100,-7,6,8,31,3,60,0,2,2,3,94,3,4,0,76,RIS_1
59,56,3,27,26,0,0,94,-7,6,6,15,6,22,0,1,1,78,95,9,2,4,81,RIS_0
60,113,4,27,8,4,2,84,20,0,2,16,3,64,0,1,1,75,77,3,5,1,99,RIS_0
68,262,6,124,21,1,1,90,65,6,5,31,1,-2,16,0,0,23,-8,4,1,1,42,RIS_1
73,73,8,45,15,0,0,91,68,6,6,12,1,51,0,0,0,63,74,2,2,1,100,RIS_0
76,351,8,125,20,1,1,100,-7,6,7,28,0,51,0,1,0,34,47,3,2,1,74,RIS_1
62,143,3,65,23,1,0,93,9,6,5,25,3,30,0,3,3,28,95,4,2,1,59,RIS_0
63,162,5,92,39,0,0,94,1,4,6,48,7,46,0,3,3,5,98,6,5,1,65,RIS_0
89,146,16,83,26,0,0,100,-7,7,8,21,1,45,0,1,1,6,84,2,3,0,44,RIS_1
84,165,6,101,22,0,0,93,61,6,6,26,1,18,9,0,0,1,-8,1,1,0,43,RIS_1
54,160,51,115,2,6,6,26,3,0,2,5,0,3,0,0,0,2,-8,1,1,-8,100,RIS_0
67,90,2,37,22,1,1,100,-6,7,8,11,3,47,0,1,1,42,91,5,3,1,91,RIS_0
54,297,14,139,17,2,1,93,42,6,2,30,0,27,0,2,2,80,54,9,2,6,86,RIS_0
81,388,19,143,15,1,1,91,37,6,2,21,0,47,0,0,0,7,-6,1,2,0,80,RIS_1
75,80,4,34,14,0,0,100,-7,7,8,17,3,45,0,0,0,4,91,2,3,0,67,RIS_0
62,203,3,43,25,0,0,100,-7,7,8,19,2,29,0,2,2,90,94,6,2,3,86,RIS_0
65,34,3,56,22,0,0,100,-7,6,8,12,3,52,0,0,0,85,65,5,5,2,100,RIS_0
80,183,2,74,21,1,1,100,-8,6,8,28,2,15,0,1,1,-2,91,4,2,0,68,RIS_1
82,71,9,36,13,0,0,100,-7,7,8,9,1,45,0,0,0,15,89,1,2,0,100,RIS_0
71,192,3,75,28,1,0,90,19,6,6,20,2,65,0,0,0,32,79,4,3,1,72,RIS_0
58,158,7,49,7,1,1,76,1,4,6,20,0,55,0,2,2,101,88,5,2,4,100,RIS_0
72,91,3,79,9,1,1,100,-7,6,8,0,2,83,0,2,2,3,94,1,2,-8,98,RIS_0
53,72,82,114,4,5,4,48,12,0,2,3,0,50,0,3,3,-7,-9,-7,1,-8,100,RIS_0
86,13,5,31,10,0,0,100,-7,7,8,3,2,50,0,0,0,-9,92,1,2,0,68,RIS_1
59,78,124,64,0,2,2,50,6,6,2,8,0,94,0,0,0,-9,-7,-8,1,-8,100,RIS_0
73,143,5,93,18,0,0,100,-8,7,8,10,2,18,0,1,1,57,-7,6,1,3,74,RIS_0
71,197,6,85,32,0,0,95,-7,6,6,30,1,27,0,0,0,39,73,5,3,1,68,RIS_1
78,331,21,149,29,4,4,88,25,6,2,39,0,33,-8,0,0,30,6,4,2,0,76,RIS_1
65,176,5,77,26,2,1,79,11,6,2,21,1,34,19,0,0,59,77,4,2,1,71,RIS_1
80,192,19,113,18,1,1,96,60,6,5,14,0,43,0,0,0,2,63,0,2,0,66,RIS_1
79,173,3,74,44,0,0,100,-7,7,8,31,4,23,0,2,2,24,90,6,3,1,56,RIS_1
73,368,16,136,24,0,0,100,-8,7,8,27,0,22,0,1,1,67,76,5,2,3,91,RIS_1
87,144,6,60,8,0,0,100,-8,7,8,13,1,49,0,1,1,-1,-8,1,1,0,37,RIS_1
63,159,10,77,31,0,0,96,4,4,6,39,1,35,0,1,1,81,85,5,4,1,73,RIS_0
74,193,4,63,26,0,0,100,-8,7,8,26,3,22,18,0,0,0,-7,4,1,1,50,RIS_1
57,82,3,23,22,1,1,91,10,4,5,27,6,45,0,0,0,76,103,5,3,1,79,RIS_0
64,177,3,78,35,0,0,100,-7,7,8,67,6,13,0,2,4,50,80,9,4,6,94,RIS_0
69,155,7,75,21,0,0,96,-7,7,6,26,0,54,0,0,0,57,80,3,3,1,90,RIS_0
73,247,3,78,40,0,0,100,-7,7,8,53,1,56,0,1,1,48,74,6,4,2,81,RIS_1
67,61,5,57,8,0,0,100,-7,7,8,17,1,46,0,1,1,88,67,2,5,1,100,RIS_0
70,3,4,34,1,0,1,100,-7,7,8,4,0,59,17,0,0,84,-9,2,1,1,98,RIS_0
83,142,7,94,40,0,0,96,51,6,6,34,3,16,8,0,0,3,-7,4,1,0,29,RIS_1
90,137,11,74,20,0,0,96,-7,6,6,26,1,33,19,0,0,2,81,1,2,0,28,RIS_1
80,182,3,56,19,0,0,100,-7,7,8,22,4,38,0,1,1,3,93,2,2,0,44,RIS_1
80,385,12,120,25,0,0,100,-7,7,8,21,0,18,0,1,1,19,-8,4,1,1,51,RIS_1
54,204,2,43,27,0,0,91,4,4,6,34,3,22,0,4,4,111,55,9,3,3,87,RIS_0
77,161,11,72,9,2,2,79,44,6,2,12,0,92,0,1,1,2,62,1,2,-8,99,RIS_0
68,181,8,72,24,0,0,95,-7,7,6,23,1,30,20,0,0,23,79,5,2,1,38,RIS_0
72,438,10,123,37,0,0,100,-7,7,8,35,1,27,0,0,0,42,75,8,3,2,67,RIS_1
65,196,1,50,31,0,0,100,-7,7,8,31,7,23,0,2,2,65,92,9,3,4,86,RIS_0
79,231,3,68,29,0,0,100,-6,6,8,37,6,49,0,2,2,39,87,6,4,0,75,RIS_1
84,136,9,-5,9,0,0,100,-7,7,8,2,1,77,0,4,4,-9,91,1,2,-8,43,RIS_0
71,387,2,88,45,0,0,96,16,6,6,49,5,28,0,1,1,31,71,8,5,0,52,RIS_1
70,90,11,48,5,0,0,79,1,4,6,15,0,48,0,1,1,93,74,2,2,1,100,RIS_0
80,130,7,88,22,0,0,100,-7,7,8,16,1,18,0,0,0,10,-8,3,1,1,29,RIS_1
68,188,10,91,35,1,1,79,3,4,2,43,2,36,17,0,0,28,76,5,3,0,59,RIS_1
74,160,2,35,17,1,0,90,18,6,6,14,3,39,0,4,4,3,95,0,2,0,26,RIS_0
70,191,14,105,5,1,1,70,6,4,2,11,0,32,0,1,0,0,-7,0,1,0,46,RIS_1
92,563,39,136,16,0,0,96,-7,6,6,15,0,45,-8,0,0,0,-8,1,2,0,22,RIS_1
68,68,0,26,2,1,1,91,-7,6,6,1,3,93,0,9,10,-9,81,1,4,-8,100,RIS_0
72,205,2,89,28,1,1,94,24,6,2,41,3,46,0,2,2,2,84,3,4,0,81,RIS_1
83,324,2,84,48,1,1,97,-7,6,6,45,3,16,9,0,0,5,88,9,2,0,23,RIS_1
63,85,1,-7,11,0,0,100,-8,7,8,9,2,19,0,2,2,85,89,5,2,2,88,RIS_0
57,31,1,15,4,1,1,100,-7,7,8,-2,4,55,0,4,4,94,95,3,2,2,100,RIS_0
72,35,4,62,13,0,0,100,-7,7,8,12,2,33,0,1,1,59,91,6,2,1,79,RIS_0
68,201,7,85,22,1,0,97,75,6,6,38,2,24,0,0,0,75,67,8,2,3,71,RIS_1
66,358,2,113,60,0,0,96,-7,6,7,55,1,57,0,4,4,89,76,9,5,6,88,RIS_0
66,72,4,18,2,0,0,100,-7,7,8,17,2,56,0,1,1,108,90,3,2,1,98,RIS_0
56,168,9,101,31,1,0,91,8,4,5,31,2,58,15,0,0,87,69,8,4,3,83,RIS_0
64,105,7,79,9,1,1,100,-7,6,8,2,1,52,0,0,0,91,-8,2,1,0,98,RIS_0
68,13,3,10,7,1,1,100,-7,7,8,2,1,22,0,4,4,98,-7,2,-8,1,100,RIS_0
84,169,1,76,27,0,0,100,-7,7,8,27,3,19,0,0,0,31,-7,5,1,1,62,RIS_1
85,374,9,133,20,1,0,95,60,6,5,22,0,15,0,0,0,1,-7,2,-8,0,40,RIS_1
60,136,1,61,25,0,0,95,-7,6,6,17,2,38,0,4,4,54,97,3,3,1,89,RIS_0
85,382,8,83,30,0,0,94,9,6,6,42,1,-6,0,1,1,1,-8,6,-8,0,39,RIS_1
89,135,8,91,4,0,0,94,-7,6,6,5,0,15,0,2,2,3,-8,1,-8,0,-9,RIS_1
78,142,19,99,5,0,0,100,-7,7,8,13,0,48,0,0,0,76,28,2,2,0,100,RIS_0
66,168,2,48,38,0,0,100,-7,6,8,34,4,28,0,1,1,66,88,9,3,3,83,RIS_0
93,168,5,62,16,0,0,100,-7,7,8,14,1,39,0,0,0,4,88,1,2,0,49,RIS_1
76,180,1,73,42,0,0,98,6,6,6,26,3,27,0,1,1,3,90,3,4,0,51,RIS_1
86,171,10,76,30,0,0,97,8,4,6,25,1,50,8,0,0,4,75,1,4,0,26,RIS_1
81,176,2,73,24,1,1,95,66,6,2,30,3,33,7,0,0,1,99,3,2,0,52,RIS_1
58,102,11,55,4,2,2,77,1,4,2,4,1,59,0,4,3,-5,-8,1,1,-8,100,RIS_0
59,375,6,104,34,1,1,84,2,4,5,34,0,16,21,0,0,53,81,10,3,3,68,RIS_0
52,85,5,78,3,2,2,73,3,4,5,4,1,42,0,2,2,101,-9,2,1,1,100,RIS_0
65,223,12,91,22,2,2,80,18,6,2,27,0,60,0,1,1,63,60,2,4,1,99,RIS_0
70,198,19,103,20,0,0,100,-7,7,8,27,0,36,0,0,0,76,73,6,2,2,86,RIS_0
55,89,11,66,15,1,0,57,3,4,6,15,0,41,0,1,1,79,-7,3,1,1,99,RIS_0
86,198,4,71,31,0,0,96,-7,6,6,41,3,11,0,0,0,1,93,1,2,0,47,RIS_1
74,402,3,101,47,1,1,100,-7,6,8,35,2,35,0,0,0,39,79,9,3,1,73,RIS_1
79,127,9,56,9,0,0,100,-7,7,8,21,1,38,0,3,3,61,-9,3,1,1,99,RIS_0
75,395,21,153,22,0,0,96,-7,6,6,40,0,-3,0,0,0,42,-6,8,1,2,33,RIS_1
79,194,3,50,15,0,0,93,70,6,6,13,2,63,0,1,1,5,89,1,3,0,54,RIS_1
73,210,13,68,17,0,0,93,15,4,6,6,1,18,17,0,0,35,-8,2,1,0,28,RIS_0
89,114,3,75,18,0,0,100,-7,7,8,12,1,15,10,0,0,2,-9,0,1,0,20,RIS_1
79,138,12,73,19,0,0,100,-7,7,8,11,0,49,0,0,0,11,64,2,2,0,71,RIS_1
70,95,3,90,43,0,0,97,25,6,6,46,3,21,0,3,3,16,74,4,4,0,57,RIS_1
79,229,10,91,7,0,0,93,20,6,6,14,1,12,0,1,1,18,-9,2,1,0,42,RIS_0
93,405,15,114,16,0,0,100,-7,7,8,13,0,15,0,2,2,5,-9,2,1,0,49,RIS_1
70,227,3,91,25,0,0,100,-7,7,8,23,2,24,0,1,1,3,-8,4,1,0,51,RIS_1
56,63,1,24,13,0,0,94,23,6,6,16,3,26,0,3,3,52,-5,8,1,3,78,RIS_0
62,131,12,76,25,0,0,95,-7,6,6,14,0,15,0,2,2,105,-8,8,1,3,81,RIS_0
76,244,2,67,28,0,0,97,-7,6,6,37,2,28,0,1,1,20,93,6,3,0,66,RIS_1
54,321,11,90,29,2,1,78,3,4,2,20,1,22,0,1,1,39,-7,5,1,1,64,RIS_0
62,80,1,39,28,0,0,100,-7,7,8,18,5,48,0,4,9,106,89,5,4,3,96,RIS_0
63,50,10,52,13,1,0,91,70,6,6,18,1,70,0,1,1,106,91,4,2,2,100,RIS_0
70,386,5,109,48,3,1,95,44,6,2,33,1,9,0,1,1,12,-9,5,2,0,47,RIS_1
72,83,9,80,9,0,0,100,-7,6,8,14,0,61,0,0,0,101,79,2,4,0,98,RIS_0
78,157,2,64,34,0,0,100,-7,7,8,55,2,21,1,4,4,4,85,3,2,0,23,RIS_1
72,161,3,78,19,0,0,100,-7,6,8,32,3,38,0,1,1,32,95,5,3,1,83,RIS_1
78,332,3,115,20,0,0,100,-7,7,8,24,1,9,0,1,0,31,-8,5,-8,1,43,RIS_1
75,140,19,101,20,1,1,94,-7,6,6,11,0,51,0,1,1,0,-8,1,2,0,72,RIS_1
58,119,14,39,7,0,0,62,3,4,6,3,0,47,0,0,0,101,-8,2,1,1,99,RIS_0
80,215,1,86,29,0,0,100,-7,7,8,33,2,6,0,1,1,11,-8,6,-8,1,35,RIS_1
80,214,9,69,18,1,1,93,59,6,2,11,2,41,11,0,0,-3,86,0,2,0,46,RIS_1
53,187,13,92,26,0,0,90,1,4,6,37,1,48,0,2,3,59,67,5,4,2,85,RIS_0
80,341,17,84,19,0,0,100,-8,7,8,41,0,16,0,1,1,8,-9,5,1,0,31,RIS_1
62,163,3,74,19,1,0,89,8,6,5,24,1,11,0,2,2,71,-7,6,1,2,66,RIS_0
68,131,6,68,12,0,0,100,-7,7,8,12,1,54,0,0,0,53,68,2,4,1,100,RIS_0
73,182,19,71,14,0,0,82,3,4,6,11,0,30,0,1,1,10,-9,2,2,0,41,RIS_0
66,90,19,55,6,0,1,100,-7,7,8,9,0,54,0,0,0,76,-9,1,1,0,100,RIS_0
79,165,1,46,32,0,0,100,-7,7,8,41,4,32,0,3,3,9,92,6,3,0,33,RIS_1
73,21,3,3,11,0,0,100,-7,7,8,-2,4,32,0,2,2,19,92,2,2,0,77,RIS_1
82,189,26,65,2,1,0,68,58,6,6,2,0,-9,0,3,3,-2,-7,0,-8,-8,6,RIS_0
58,116,3,53,27,1,1,92,3,4,2,45,6,41,0,6,9,37,85,5,4,2,86,RIS_0
74,134,2,37,16,0,0,100,-7,7,8,12,3,22,0,1,1,23,-7,4,1,1,87,RIS_1
63,89,2,25,8,1,1,92,56,6,2,6,4,30,0,4,4,57,98,2,2,0,100,RIS_0
83,158,3,75,34,0,0,96,-7,6,6,30,6,23,0,1,1,4,85,3,3,0,25,RIS_1
71,187,61,167,7,0,0,100,-6,7,8,1,0,59,0,0,0,98,-9,2,1,1,99,RIS_0
65,40,6,10,1,0,0,100,-8,7,8,3,1,52,0,1,1,97,97,3,2,1,100,RIS_0
71,147,3,68,26,0,0,95,60,6,6,39,2,58,0,1,1,11,82,3,4,0,88,RIS_1
70,162,2,64,44,1,0,97,19,6,6,38,6,42,0,2,2,11,90,5,4,0,73,RIS_1
61,181,0,70,34,1,0,90,3,4,5,29,5,38,0,2,2,40,101,5,4,2,64,RIS_0
62,99,7,2,4,1,0,92,-8,6,6,3,2,54,0,0,0,77,92,2,2,1,98,RIS_0
75,277,8,100,66,0,0,97,66,6,6,17,2,22,0,1,1,39,-6,12,2,3,47,RIS_1
82,-9,3,6,14,0,0,100,-7,7,8,7,4,31,0,5,5,22,96,2,2,0,28,RIS_1
65,78,10,55,5,0,0,72,6,4,6,-1,0,62,0,3,3,13,-8,1,1,-8,98,RIS_0
55,50,5,58,10,2,2,69,1,4,2,15,2,44,0,1,1,38,100,3,2,1,86,RIS_0
59,146,7,86,35,0,0,95,20,6,6,35,2,49,20,0,0,85,73,9,5,4,94,RIS_0
70,303,7,144,40,1,1,98,34,6,5,46,0,18,0,3,3,39,21,15,2,2,48,RIS_1
65,48,2,19,38,0,0,100,-7,7,8,38,6,49,0,5,9,111,95,6,5,2,89,RIS_0
73,229,0,64,34,0,0,100,-8,7,8,25,4,10,0,1,1,25,89,4,2,0,46,RIS_1
67,187,1,74,27,0,0,95,-7,6,6,22,4,36,0,2,2,68,91,5,3,2,90,RIS_0
60,212,2,71,26,2,1,89,15,6,2,36,3,9,0,2,2,5,-8,6,1,1,44,RIS_0
74,277,6,89,27,1,1,94,7,6,5,33,1,52,0,2,2,5,74,3,4,0,78,RIS_1
82,172,6,67,14,0,0,100,-7,7,8,14,1,71,0,1,0,3,71,1,4,-8,100,RIS_1
77,399,58,109,2,1,0,91,48,6,5,17,0,24,0,1,1,3,-8,1,-8,0,46,RIS_1
74,9,1,5,8,0,0,100,-7,7,8,11,1,23,0,1,1,46,-6,2,1,0,98,RIS_0
73,183,1,46,31,0,0,100,-7,7,8,40,4,49,0,5,6,9,104,3,4,1,70,RIS_1
82,227,2,78,22,0,0,100,-6,7,8,24,2,19,0,2,2,11,-8,3,1,1,40,RIS_1
74,183,13,97,22,0,0,100,-6,7,6,23,1,7,0,0,0,67,-6,8,1,3,49,RIS_0
65,367,1,91,64,0,0,95,51,6,6,53,6,39,7,0,0,10,98,7,4,0,48,RIS_1
68,370,7,90,31,1,0,94,1,4,6,32,0,36,0,4,4,39,74,9,3,2,84,RIS_0
71,163,14,79,23,0,0,100,-7,7,8,38,1,44,0,0,0,22,73,5,3,1,71,RIS_1
72,196,9,106,19,0,0,93,72,6,6,15,1,17,18,0,0,2,-7,2,-8,0,25,RIS_1
69,111,15,44,8,0,0,91,2,4,6,14,1,14,0,0,0,2,-9,2,1,1,52,RIS_0
74,193,10,48,13,0,0,100,-7,6,8,14,0,47,0,4,4,0,94,-9,2,-8,38,RIS_0
68,197,20,105,16,0,0,91,10,4,6,21,0,26,0,0,0,70,-9,4,1,2,100,RIS_0
68,56,2,36,3,0,0,100,-6,7,8,11,1,76,0,4,3,11,86,1,4,-8,100,RIS_0
87,83,12,68,15,0,0,100,-7,7,8,23,1,56,17,0,0,20,69,0,3,0,80,RIS_1
54,32,2,78,20,0,0,100,-7,7,8,32,2,38,0,4,4,93,81,8,4,5,100,RIS_0
58,189,6,89,24,1,1,91,22,6,2,20,1,50,0,4,4,88,71,8,4,4,89,RIS_0
86,307,26,96,21,0,0,95,-7,6,6,46,0,14,0,0,0,14,-7,5,1,1,49,RIS_1
63,153,1,60,28,0,0,94,16,6,6,35,1,57,0,3,3,94,74,5,4,3,89,RIS_0
77,175,4,47,30,0,0,100,-7,6,8,24,7,46,0,4,4,1,104,2,5,0,65,RIS_1
88,197,14,85,11,0,0,100,-7,6,8,13,1,26,14,0,0,1,-8,2,1,0,49,RIS_1
90,418,18,130,36,0,0,96,-7,6,7,35,0,12,19,0,0,3,-8,4,2,0,26,RIS_1
64,173,9,82,10,0,0,88,5,6,6,15,0,63,0,1,1,77,73,2,4,1,100,RIS_0
74,1,22,61,7,0,0,100,-7,7,8,11,0,54,0,1,0,105,-9,2,1,1,100,RIS_0
54,154,21,105,19,7,2,60,3,4,2,24,0,55,0,0,0,65,79,5,3,1,83,RIS_0
52,200,2,76,14,1,1,93,59,6,2,21,2,43,0,2,2,95,85,10,3,3,88,RIS_0
71,112,7,42,12,0,0,100,-7,7,8,13,3,-7,0,0,0,71,-9,5,1,2,28,RIS_0
73,374,2,111,39,0,0,100,-7,7,8,62,3,30,0,2,1,30,68,9,4,2,60,RIS_1
71,158,7,32,23,0,0,100,-7,7,8,16,2,19,0,0,0,54,89,6,2,3,89,RIS_0
59,190,29,117,20,0,0,65,2,4,6,27,0,25,0,0,0,69,-8,5,1,2,77,RIS_0
71,349,7,137,45,0,0,100,-7,7,8,37,1,27,18,0,0,33,58,9,3,3,70,RIS_1
90,164,68,155,5,0,0,100,-7,7,8,7,0,4,0,1,1,3,-8,1,1,0,47,RIS_0
70,207,4,77,36,1,1,97,62,6,6,37,7,15,0,2,2,69,-8,10,1,3,67,RIS_0
55,139,5,73,5,2,1,61,4,4,5,15,1,55,0,0,0,13,71,1,2,0,71,RIS_0
69,38,2,47,10,0,0,100,-7,7,8,14,1,44,0,2,1,47,82,2,2,1,81,RIS_0
62,179,1,88,26,0,0,100,-7,6,8,33,2,5,0,4,7,101,81,10,2,3,84,RIS_0
65,270,18,113,23,1,0,94,-8,6,6,11,0,30,16,0,0,86,42,5,2,2,88,RIS_1
73,283,22,90,39,0,0,96,-7,6,6,66,0,50,0,1,1,88,64,10,5,6,88,RIS_0
76,228,-1,68,38,0,0,100,-7,7,8,49,6,28,19,0,0,-2,104,5,3,0,33,RIS_1
72,124,13,25,14,0,0,100,-7,7,8,8,1,4,0,0,0,92,-9,6,1,4,100,RIS_0
67,97,10,67,8,1,0,80,10,4,6,20,0,49,19,0,0,86,79,3,2,1,99,RIS_0
54,178,10,89,13,0,0,94,7,6,6,13,1,49,0,1,1,106,74,6,2,2,91,RIS_0
62,217,2,53,43,0,0,96,60,6,6,27,4,32,0,8,8,60,91,8,4,3,90,RIS_0
71,177,19,99,25,0,0,96,-7,6,6,32,0,16,0,3,3,97,-8,5,1,3,68,RIS_0
68,65,1,43,11,0,0,100,-7,6,8,11,3,14,0,1,1,55,-8,4,1,1,80,RIS_0
67,92,10,19,4,0,0,100,-7,6,8,10,1,42,0,3,2,102,90,2,2,1,100,RIS_0
72,188,9,106,12,1,1,87,18,6,2,16,0,25,0,1,1,2,-9,0,1,0,34,RIS_0
65,71,2,13,20,0,0,100,-7,7,8,13,6,58,0,2,2,62,94,4,5,1,90,RIS_0
73,246,9,100,14,0,0,86,3,4,6,19,0,38,0,0,0,29,65,2,2,0,24,RIS_0
67,170,2,66,38,0,0,100,-7,7,8,35,3,29,0,1,1,25,-7,9,1,2,48,RIS_1
67,219,2,70,16,1,0,83,3,4,6,24,1,50,0,4,4,7,84,1,2,0,69,RIS_0
78,392,13,138,33,0,0,100,-7,7,8,26,0,22,19,0,0,46,65,5,2,2,66,RIS_1
75,162,1,70,40,0,0,95,11,6,6,26,7,25,0,4,3,13,89,4,2,0,46,RIS_0
75,216,9,69,7,0,1,100,-7,7,8,11,1,57,0,1,0,90,91,3,2,1,99,RIS_1
84,434,12,117,26,0,0,100,-7,7,8,12,0,22,21,0,0,5,-8,3,1,0,79,RIS_1
55,93,3,62,20,0,0,92,2,4,6,26,4,57,0,1,1,63,81,6,4,3,90,RIS_0
76,235,1,61,40,1,1,97,12,6,5,65,3,35,8,0,0,12,76,5,4,0,53,RIS_1
84,160,13,91,22,0,0,96,9,6,6,24,1,9,0,0,0,9,-7,2,1,0,35,RIS_1
55,138,19,73,15,4,1,48,9,4,2,12,0,49,0,1,1,96,75,2,2,1,100,RIS_0
85,230,1,99,8,0,0,95,13,6,6,13,1,42,0,4,4,5,95,0,2,0,34,RIS_0
57,125,13,107,20,2,1,88,18,6,2,24,0,56,0,5,4,90,64,6,4,2,100,RIS_0
79,85,18,58,12,0,0,100,-7,7,8,12,0,61,0,0,0,65,71,1,2,0,100,RIS_0
56,131,17,87,11,2,1,77,3,4,5,12,1,13,0,0,0,104,-8,4,1,1,100,RIS_0
62,50,3,22,24,0,0,91,11,4,6,21,4,24,0,0,0,46,95,4,2,1,54,RIS_0
54,214,17,71,8,1,0,50,2,4,5,11,0,65,0,1,1,-9,83,1,2,-8,45,RIS_0
70,158,2,82,28,3,2,92,61,6,2,32,3,47,0,5,1,15,88,5,4,1,70,RIS_0
79,188,11,92,17,0,0,100,-7,7,8,23,1,40,0,0,0,56,55,3,3,1,82,RIS_1
76,32,25,95,4,1,1,100,-7,7,8,7,0,84,-8,0,0,-9,-9,-8,1,-8,99,RIS_0
63,146,9,50,15,2,2,84,18,6,5,20,1,37,0,0,0,81,63,2,4,1,99,RIS_0
71,46,6,55,11,0,0,100,-7,7,8,20,2,28,0,0,0,108,95,5,2,3,100,RIS_0
70,127,13,43,10,0,0,100,-7,6,8,14,1,66,0,3,3,2,78,1,4,-8,100,RIS_0
91,146,8,78,22,0,0,100,-7,7,8,8,1,57,18,0,0,2,68,1,3,0,28,RIS_1
67,223,13,43,5,0,0,100,-6,7,8,2,1,57,0,4,4,17,92,1,2,0,99,RIS_0
70,135,7,98,17,0,0,93,21,6,6,17,1,6,0,0,0,30,-7,4,1,1,42,RIS_0
80,146,4,62,8,0,0,100,-7,7,6,12,1,43,0,0,0,3,90,1,2,0,37,RIS_0
72,141,8,67,13,1,1,100,-7,6,8,15,1,86,0,0,0,-5,72,1,3,-8,100,RIS_0
72,114,9,41,8,0,0,100,-7,7,8,12,0,49,0,0,0,47,75,1,2,0,98,RIS_0
84,331,11,103,20,0,0,100,-7,7,8,20,0,36,0,0,0,-7,63,2,3,0,34,RIS_1
63,23,8,90,14,0,1,100,-7,7,8,20,1,17,0,1,1,75,-7,5,1,4,99,RIS_0
86,457,2,111,24,0,0,100,-6,7,8,22,1,33,0,2,2,5,-8,2,2,0,33,RIS_1
72,124,2,31,19,0,0,95,19,6,6,22,6,16,0,2,2,17,-9,4,1,0,23,RIS_0
64,370,2,65,32,0,0,95,4,4,6,58,5,14,0,2,2,74,66,8,4,5,71,RIS_0
69,392,36,138,13,1,1,92,39,6,2,20,0,17,0,1,0,60,-7,5,1,1,77,RIS_1
61,264,10,86,12,1,0,91,24,6,6,10,1,29,0,0,0,89,-9,4,2,2,100,RIS_0
72,98,4,59,16,0,0,100,-7,7,8,10,1,67,0,3,3,15,74,0,4,0,100,RIS_0
68,169,21,86,27,1,1,92,15,6,5,27,0,68,0,2,2,65,76,3,4,1,89,RIS_0
72,128,1,54,29,0,0,89,3,4,6,27,4,14,0,3,3,12,93,2,2,0,46,RIS_0
87,222,2,55,19,1,1,95,55,6,6,26,2,48,0,2,2,2,96,0,3,0,39,RIS_1
81,87,6,64,8,0,0,100,-7,7,8,18,1,47,0,1,1,79,77,3,3,1,99,RIS_0
61,484,2,110,63,1,1,96,8,6,2,38,3,25,0,1,1,34,76,10,4,1,70,RIS_1
70,48,2,30,25,0,0,100,-7,7,8,12,1,47,0,4,2,51,78,2,3,0,91,RIS_0
73,145,13,77,13,0,0,100,-7,6,8,15,1,64,0,0,0,84,59,4,4,1,100,RIS_0
77,189,20,105,19,0,0,95,21,6,6,32,0,34,0,3,2,18,47,2,2,0,32,RIS_1
65,216,6,86,26,1,1,95,55,6,2,34,2,40,0,0,0,96,77,9,4,4,83,RIS_0
76,223,6,86,23,0,0,100,-7,7,8,32,1,28,0,1,1,17,-9,5,2,1,42,RIS_1
54,123,8,24,0,1,0,66,2,4,5,-2,1,40,0,0,0,7,-8,1,1,-8,27,RIS_0
59,279,3,99,39,6,2,79,1,4,2,39,2,46,0,2,2,-2,81,3,4,0,74,RIS_0
74,140,10,51,16,0,0,100,-7,7,8,9,1,17,16,0,0,56,-8,5,1,2,74,RIS_0
60,150,6,61,17,1,1,80,3,4,2,27,2,51,0,0,0,-1,97,1,2,0,62,RIS_0
75,163,6,28,18,0,0,100,-7,7,8,25,1,6,0,1,1,96,62,5,2,3,94,RIS_0
66,34,2,39,14,0,0,100,-7,7,8,16,4,44,0,1,1,84,97,6,4,3,86,RIS_0
66,125,9,28,15,0,0,100,-7,7,8,13,2,52,0,2,2,74,92,6,2,3,100,RIS_0
63,211,11,80,18,1,0,91,0,4,6,33,1,61,0,1,1,26,63,2,4,0,90,RIS_0
57,173,6,99,28,2,1,80,3,4,5,26,1,16,14,0,0,52,-9,6,2,1,74,RIS_0
86,154,3,103,20,0,0,100,-7,7,8,15,1,28,0,2,2,1,-9,1,1,0,29,RIS_1
74,166,12,57,18,0,0,100,-7,7,8,14,1,19,16,0,0,75,-8,6,1,3,100,RIS_0
75,203,2,91,33,0,0,96,69,6,6,28,3,19,8,0,0,1,-7,1,1,0,36,RIS_1
76,155,16,96,1,1,0,88,14,6,5,12,0,41,0,1,1,-1,-7,1,1,0,25,RIS_0
79,174,11,61,22,0,0,100,-7,7,8,15,1,45,0,1,1,4,79,2,3,0,83,RIS_1
67,163,20,97,11,0,0,89,3,4,6,16,0,49,0,1,1,12,69,2,2,0,99,RIS_0
82,168,3,69,24,0,0,100,-7,7,8,16,2,54,0,2,1,27,96,2,3,0,61,RIS_1
54,102,2,76,7,1,1,48,6,0,2,2,1,40,0,0,0,4,-6,1,1,-8,100,RIS_0
75,474,3,130,47,0,0,94,76,6,6,65,1,21,0,2,3,29,-8,5,2,1,42,RIS_1
64,78,14,57,8,1,1,100,-7,6,8,5,0,89,0,0,0,74,88,-8,3,-8,100,RIS_0
83,189,4,64,31,0,0,100,-7,7,8,30,3,3,0,1,1,-2,-9,2,-8,0,24,RIS_1
82,191,4,51,30,0,0,96,1,4,6,24,1,33,0,3,3,1,95,1,3,0,37,RIS_0
86,83,1,57,36,0,0,100,-7,7,8,52,4,36,0,1,1,15,80,2,4,0,29,RIS_1
69,261,2,80,57,0,0,100,-7,6,8,38,3,23,0,4,4,50,69,10,4,2,78,RIS_1
69,208,68,98,1,1,0,68,9,6,5,6,0,71,0,0,0,-6,-7,-8,1,-8,26,RIS_0
83,220,19,111,15,0,0,91,65,6,6,19,0,18,15,0,0,4,-9,2,1,0,72,RIS_1
71,66,1,66,32,0,0,100,-7,7,8,24,7,31,0,3,3,23,86,3,3,1,32,RIS_0
60,159,11,91,23,1,1,95,66,6,6,16,1,20,0,1,0,25,-9,3,1,0,29,RIS_0
73,238,18,79,23,0,0,96,18,6,6,9,0,56,0,0,0,12,34,3,3,0,85,RIS_1
65,207,54,140,4,2,2,59,21,6,2,4,0,47,0,0,0,15,-7,1,1,-8,98,RIS_0
72,-9,4,42,15,0,0,100,-7,7,8,0,2,31,0,0,0,96,-6,3,1,1,100,RIS_0
62,113,1,35,18,0,0,100,-8,6,8,23,6,16,0,5,4,67,92,5,2,1,76,RIS_0
59,378,3,109,61,5,1,79,1,4,2,53,2,30,0,2,2,41,81,9,4,2,55,RIS_1
79,128,2,71,19,0,0,100,-7,7,8,11,1,45,0,4,4,6,94,1,3,0,73,RIS_0
73,307,18,91,30,1,0,93,21,6,6,39,0,60,0,0,0,13,76,3,5,0,87,RIS_1
64,100,5,47,6,0,0,100,-7,7,8,16,1,57,0,1,1,88,61,4,4,3,99,RIS_0
59,123,7,83,6,4,2,70,11,0,2,21,1,83,0,1,1,-9,94,1,2,-8,99,RIS_0
63,62,4,26,10,0,0,100,-7,7,8,5,1,8,0,0,0,86,-6,4,1,2,100,RIS_0
60,185,3,60,37,1,0,96,5,4,6,34,6,42,0,2,2,29,84,5,3,1,75,RIS_0
64,56,4,64,4,0,0,100,-7,7,8,20,1,32,0,2,2,82,69,5,2,3,100,RIS_0
85,170,9,91,28,0,0,100,-7,7,8,34,3,21,17,0,0,-3,98,3,2,0,45,RIS_1
75,154,9,106,21,0,0,100,-7,7,8,16,1,16,0,1,1,29,-9,6,1,1,67,RIS_1
63,135,1,89,44,1,0,96,3,4,6,67,6,38,0,5,5,7,92,6,4,1,55,RIS_0
65,215,1,63,43,0,0,100,-6,7,8,41,7,28,0,3,3,43,90,8,2,2,53,RIS_0
77,153,2,86,38,0,0,100,-7,7,8,28,4,20,20,0,0,34,93,7,3,1,68,RIS_1
72,148,0,71,60,0,0,94,55,6,6,42,6,44,0,2,2,-9,91,6,5,0,62,RIS_1
61,159,1,52,24,0,0,94,24,6,6,43,7,54,0,8,4,74,81,6,4,2,84,RIS_0
85,176,0,113,17,0,0,95,20,6,6,19,1,41,0,1,1,0,89,0,2,0,39,RIS_1
53,111,11,55,7,2,1,63,1,4,2,3,1,68,0,2,2,9,-8,1,1,-8,100,RIS_0
78,389,22,120,30,0,0,96,38,6,6,33,0,20,0,1,1,13,-9,4,1,0,47,RIS_1
81,191,14,97,22,0,0,96,-7,6,6,17,1,64,19,0,0,27,74,2,3,0,68,RIS_1
69,332,4,121,21,3,2,89,48,6,2,35,1,29,0,0,0,35,58,6,4,1,83,RIS_1
68,216,18,91,24,1,1,94,41,6,6,18,0,52,0,2,2,18,74,3,3,0,62,RIS_1
79,363,22,118,22,1,0,94,8,6,6,47,0,35,0,1,0,1,45,3,2,0,42,RIS_1
84,160,8,58,13,0,0,100,-7,7,8,15,1,61,0,2,2,18,90,1,2,0,98,RIS_0
60,141,14,82,9,1,0,70,2,4,5,17,1,62,0,0,0,18,63,2,2,1,99,RIS_0
68,160,11,88,13,0,0,100,-7,7,8,8,1,55,0,1,1,105,94,5,2,2,100,RIS_0
84,399,70,174,8,0,0,100,-7,6,8,12,0,2,0,2,1,6,-9,1,1,0,30,RIS_1
60,173,2,53,35,2,2,90,10,6,5,27,3,41,0,1,1,38,79,6,5,2,95,RIS_0
86,61,1,68,10,0,0,100,-7,7,8,11,1,13,0,1,1,6,-9,2,1,0,40,RIS_1
65,91,2,60,26,1,0,85,3,4,5,18,1,13,0,1,1,27,91,4,2,1,48,RIS_0
67,132,2,31,24,0,0,100,-7,7,8,19,3,42,0,4,4,91,83,5,3,1,86,RIS_0
57,119,4,52,17,1,1,92,60,6,6,17,1,54,0,2,2,74,67,6,2,3,98,RIS_0
56,107,15,46,13,1,0,70,8,4,6,15,0,47,0,0,0,97,75,6,2,3,98,RIS_0
65,158,9,120,20,1,1,89,29,6,2,15,1,33,0,0,0,61,-8,5,2,1,77,RIS_0
55,125,6,64,0,4,4,71,36,6,2,-1,1,98,0,4,4,10,74,-8,4,-8,100,RIS_0
73,131,10,67,23,0,0,100,-7,7,8,17,1,51,0,2,1,6,67,1,4,0,80,RIS_1
75,204,20,131,6,1,1,94,-7,6,2,13,0,40,0,1,1,53,43,1,2,0,99,RIS_1
74,293,18,96,29,1,1,75,3,4,5,44,0,28,0,0,0,5,15,3,2,0,40,RIS_1
59,419,25,182,13,7,6,52,14,6,2,15,0,32,0,3,3,85,-8,5,-8,3,98,RIS_0
67,125,1,33,11,0,0,100,-7,7,6,10,1,41,0,0,0,55,97,2,2,0,76,RIS_0
77,378,17,122,43,0,0,100,-7,7,8,60,0,28,16,0,0,106,66,7,4,5,81,RIS_1
82,316,15,133,13,1,0,94,13,6,6,17,0,12,18,0,0,0,-7,1,-8,0,19,RIS_1
74,492,11,104,32,0,0,95,-7,6,6,40,0,21,0,1,1,66,-9,11,1,3,67,RIS_0
78,121,7,87,25,0,0,100,-8,6,6,22,3,28,0,0,0,18,89,4,2,0,48,RIS_1
56,179,2,49,24,1,1,91,7,4,6,41,3,56,0,1,1,97,85,6,5,2,87,RIS_0
87,209,19,81,13,0,0,100,-7,7,8,22,0,72,0,0,0,11,76,1,2,0,58,RIS_1
70,178,9,91,37,0,0,94,0,4,6,30,0,47,0,1,1,17,44,3,3,0,50,RIS_0
69,191,22,127,8,0,0,100,-7,7,8,15,0,29,0,0,0,103,-8,5,1,3,100,RIS_0
71,182,2,81,27,0,0,100,-7,7,8,27,3,24,0,0,0,27,90,5,2,1,54,RIS_1
58,150,4,100,13,2,2,56,3,4,2,18,1,25,0,2,2,34,-9,4,2,1,65,RIS_0
81,164,3,83,30,0,0,100,-7,7,8,22,1,54,0,1,1,4,80,3,4,0,76,RIS_1
69,155,9,98,23,2,2,87,27,6,2,17,0,54,0,1,1,101,81,5,3,3,99,RIS_0
85,212,14,57,31,0,0,100,-6,7,8,21,1,53,0,2,2,10,73,2,4,0,53,RIS_1
68,143,18,91,19,4,1,79,9,6,2,28,0,45,0,1,1,59,40,3,3,1,89,RIS_0
65,186,3,100,10,1,1,100,-7,6,2,15,3,-9,0,5,4,56,-8,10,-8,4,67,RIS_0
66,141,26,114,16,4,1,75,20,6,2,8,0,52,0,2,2,54,52,2,2,0,100,RIS_0
63,133,3,66,21,1,1,92,9,4,5,28,3,53,0,4,4,1,97,1,4,0,77,RIS_0
65,75,2,14,2,1,1,100,-7,6,8,10,3,49,0,2,2,31,94,1,3,0,98,RIS_0
85,444,15,126,35,0,0,100,-7,7,8,37,1,48,21,0,0,15,54,3,3,0,67,RIS_1
65,537,21,177,24,1,1,89,19,6,2,30,0,20,0,4,4,22,-9,3,-8,0,51,RIS_1
63,121,14,62,18,0,0,91,-7,6,6,6,0,12,0,0,0,104,-8,2,1,1,100,RIS_0
66,201,17,86,20,0,0,91,10,6,6,16,1,25,0,1,1,43,-8,3,2,1,61,RIS_0
71,0,1,17,7,0,0,100,-7,7,8,5,2,66,0,2,2,34,88,1,2,0,99,RIS_0
73,120,0,60,22,0,0,95,-8,6,6,26,6,18,0,1,1,9,-7,5,1,0,45,RIS_1
73,153,5,101,39,0,0,96,55,6,6,28,3,22,7,0,0,11,64,6,3,1,47,RIS_1
72,134,2,53,26,1,0,91,11,6,6,26,3,21,7,0,0,35,88,5,3,1,68,RIS_0
66,8,3,20,1,0,0,100,-7,7,8,8,1,49,0,4,4,63,-9,3,1,1,99,RIS_0
65,113,13,66,20,1,1,89,10,6,2,14,1,48,0,1,1,55,74,0,3,0,85,RIS_0
60,163,17,66,6,6,2,57,2,4,2,12,0,45,0,2,2,84,-7,4,1,1,99,RIS_0
63,92,2,21,11,2,1,88,63,6,2,12,2,69,0,2,2,5,93,1,2,-8,100,RIS_0
77,184,12,97,25,0,0,100,-7,7,8,20,0,50,0,2,2,0,51,1,3,0,71,RIS_1
72,297,15,155,29,1,1,96,-7,6,7,48,0,44,0,1,1,24,66,3,5,0,84,RIS_1
73,6,11,3,0,0,0,100,-7,7,8,3,1,53,0,1,1,80,-9,1,1,-8,100,RIS_0
50,180,11,83,22,1,1,80,1,4,5,34,1,41,0,1,1,56,63,3,4,1,96,RIS_0
85,473,8,128,14,0,0,100,-7,7,8,15,1,7,0,0,0,5,-8,4,1,0,29,RIS_1
76,181,2,93,33,0,0,96,22,4,6,32,1,12,0,1,1,17,-9,5,1,1,31,RIS_0
75,201,2,95,41,1,1,100,-8,6,8,47,3,18,0,2,2,14,96,5,2,0,62,RIS_1
82,158,3,79,25,0,0,100,-7,7,8,13,2,14,0,1,0,34,-9,3,1,0,27,RIS_1
93,146,5,70,11,0,0,100,-7,7,8,10,1,18,16,0,0,7,-7,2,1,0,30,RIS_1
79,194,2,67,28,0,0,100,-7,7,8,40,6,4,0,1,0,28,94,6,3,1,26,RIS_1
76,5,2,59,13,0,0,100,-6,7,8,16,3,39,0,0,0,-9,88,2,3,0,69,RIS_1
75,147,1,64,41,0,0,96,21,6,6,33,3,16,0,3,3,43,83,5,3,2,57,RIS_0
70,156,7,90,26,1,0,97,83,6,5,40,3,45,17,0,0,36,82,5,4,1,84,RIS_1
63,25,3,12,4,0,0,100,-7,7,8,-1,4,62,0,4,3,-3,87,1,2,-8,98,RIS_0
83,356,6,147,37,0,0,100,-7,7,8,72,1,15,0,0,0,0,-8,5,1,1,27,RIS_1
62,141,2,60,26,0,0,92,1,4,6,29,2,48,0,2,2,44,66,3,3,1,93,RIS_0
86,344,9,92,46,0,0,96,-7,7,8,35,1,18,0,1,1,4,-7,6,1,1,35,RIS_1
88,212,29,108,14,0,0,100,-7,7,8,15,0,50,0,2,2,16,73,2,2,0,100,RIS_1
61,129,10,46,24,0,0,100,-6,7,8,23,1,53,0,2,2,86,66,6,4,3,88,RIS_0
86,168,3,72,16,0,0,100,-7,6,8,15,3,30,0,5,5,4,98,1,2,0,29,RIS_1
81,155,16,94,18,0,0,95,28,6,6,17,0,36,16,0,0,1,74,0,3,0,23,RIS_1
60,82,7,56,14,1,1,81,13,6,5,20,1,67,0,0,0,78,85,5,4,3,99,RIS_0
65,188,8,94,17,1,1,91,22,6,2,17,1,48,0,2,1,5,-6,1,1,0,71,RIS_0
68,136,10,79,10,3,2,53,7,6,2,15,1,57,0,1,1,72,88,2,2,1,100,RIS_0
84,226,31,122,27,0,0,100,-6,7,8,25,0,56,0,1,1,38,51,3,2,1,66,RIS_1
65,182,6,102,10,0,0,95,-7,6,6,6,0,16,0,4,7,62,-9,3,1,1,68,RIS_0
75,98,3,12,5,1,1,100,-7,6,8,5,2,51,0,2,2,15,95,1,2,0,100,RIS_0
55,177,2,107,26,1,1,81,-1,4,5,59,1,30,0,4,4,38,45,6,3,1,70,RIS_0
56,183,6,65,9,2,1,58,1,4,2,20,1,54,0,2,2,2,99,1,2,0,99,RIS_0
60,92,16,76,13,2,0,72,10,4,5,12,1,43,0,0,0,98,75,4,2,2,99,RIS_0
74,166,8,76,29,0,0,97,-7,6,6,25,3,13,0,0,0,28,96,5,2,1,57,RIS_0
85,115,7,99,30,0,0,95,6,4,6,25,1,23,0,1,1,-3,97,1,2,0,28,RIS_1
69,192,2,76,41,0,0,100,-7,6,8,41,6,28,0,0,0,65,86,8,3,3,65,RIS_1
74,163,9,73,30,0,0,95,17,6,6,39,1,44,0,4,4,-5,63,2,5,0,78,RIS_1
59,128,15,56,5,1,1,64,3,4,5,12,1,55,0,0,0,86,62,2,3,1,100,RIS_0
72,200,6,61,6,2,1,93,73,6,2,15,2,22,0,1,0,4,-9,1,1,0,71,RIS_1
61,156,9,61,7,0,0,100,-7,7,8,13,0,27,0,0,0,81,-8,5,2,3,100,RIS_0
72,169,6,87,11,4,1,90,66,6,2,14,2,56,0,0,0,2,73,0,4,0,58,RIS_1
85,206,2,79,34,0,0,94,-7,6,6,42,4,15,0,2,2,12,93,6,3,0,47,RIS_1
70,126,5,61,25,0,0,95,-7,6,6,39,3,43,0,0,0,42,76,5,4,1,72,RIS_0
65,187,7,80,16,0,0,100,-7,6,6,17,1,17,0,0,0,79,-7,6,2,2,99,RIS_0
80,323,8,108,43,0,0,100,-7,7,8,35,2,24,16,0,0,46,78,5,3,1,67,RIS_1
79,459,12,101,18,4,1,95,76,6,2,21,1,47,0,0,0,1,46,1,2,0,76,RIS_1
72,259,22,141,14,1,1,90,-7,6,2,22,0,25,0,0,0,57,51,1,2,0,99,RIS_1
80,113,4,51,16,0,0,100,-8,7,8,18,2,21,0,5,5,16,-9,6,2,0,60,RIS_1
69,146,22,58,14,0,0,100,-7,7,8,12,0,53,0,3,2,89,82,2,3,1,99,RIS_0
85,144,11,82,23,0,0,100,-7,7,8,31,1,52,9,0,0,18,81,2,3,0,36,RIS_1
76,142,21,97,12,1,1,100,-7,6,8,6,0,100,0,0,0,1,74,-9,2,-8,100,RIS_0
61,180,2,87,53,1,0,97,6,4,6,54,3,54,0,0,0,24,86,5,4,1,83,RIS_1
73,159,3,83,31,0,0,95,6,6,6,29,2,61,0,1,1,-4,69,2,4,0,67,RIS_1
57,69,5,50,23,0,0,93,12,6,6,21,2,44,0,2,2,94,74,6,5,2,90,RIS_0
74,127,16,56,19,0,0,97,-7,6,6,29,1,56,0,0,0,48,75,6,3,1,80,RIS_0
71,90,6,65,19,0,0,90,10,4,6,24,1,56,19,0,0,2,69,1,3,0,41,RIS_0
63,174,10,103,20,1,1,88,18,6,2,21,1,28,15,0,0,39,83,3,2,0,83,RIS_1
63,57,11,13,4,0,0,100,-7,7,8,2,0,60,0,3,3,80,-8,2,1,1,100,RIS_0
90,159,34,91,-2,0,0,100,-7,7,8,7,0,50,-8,0,0,-3,-7,0,1,0,37,RIS_1
59,104,14,43,0,2,2,70,-7,6,2,5,0,50,0,0,0,91,-9,2,1,2,100,RIS_0
88,135,3,71,24,0,0,100,-7,7,8,43,3,32,1,5,5,1,96,3,2,0,26,RIS_1
63,153,3,70,30,1,0,95,21,6,6,34,3,52,0,1,1,62,74,6,10,1,100,RIS_0
70,173,10,79,32,0,0,100,-7,7,8,28,1,29,0,0,0,80,81,9,3,3,88,RIS_0
84,271,12,91,41,0,0,97,44,6,6,35,0,38,17,0,0,3,43,3,3,0,27,RIS_1
73,410,15,116,38,1,1,94,-7,6,7,80,0,17,-8,0,0,31,75,10,2,3,65,RIS_1
92,473,14,147,22,0,0,100,-7,6,8,43,0,13,20,0,0,1,-6,4,1,0,35,RIS_1
68,176,9,70,24,0,0,95,7,4,6,34,1,48,0,0,0,45,62,5,4,1,86,RIS_0
85,167,2,90,22,0,0,100,-7,7,8,28,2,41,0,1,1,4,83,1,4,0,50,RIS_1
68,66,1,57,22,1,1,95,-7,6,7,26,6,65,0,0,0,21,96,6,5,0,86,RIS_1
73,318,5,97,66,0,0,96,12,6,6,78,2,23,0,1,0,29,71,7,3,2,67,RIS_1
58,13,14,59,6,2,1,77,5,6,5,12,0,54,0,0,0,66,61,3,2,2,100,RIS_0
70,167,29,123,17,1,1,75,21,6,5,11,0,56,0,3,3,4,-9,1,2,-8,99,RIS_0
64,184,12,77,16,1,1,91,56,6,5,17,0,43,0,0,0,95,74,6,2,3,100,RIS_0
64,174,20,91,13,1,1,58,14,4,5,17,0,12,0,1,0,64,-6,2,1,1,100,RIS_0
81,166,1,68,19,1,0,94,75,6,5,26,1,54,0,3,3,1,100,1,3,0,47,RIS_1
77,248,7,86,33,0,0,100,-7,7,8,75,2,31,0,1,1,35,68,5,4,2,70,RIS_1
70,425,14,128,31,0,0,100,-7,6,8,28,0,31,0,1,1,52,48,6,2,2,86,RIS_1
61,28,3,14,19,1,1,100,-7,6,8,14,6,39,0,6,9,48,85,5,2,2,89,RIS_0
65,302,12,92,31,6,4,79,0,6,2,41,0,60,0,4,4,62,68,4,4,1,81,RIS_0
87,244,13,126,36,0,0,100,-8,7,8,34,0,21,0,1,1,29,-9,5,1,1,55,RIS_1
85,89,2,41,9,0,0,100,-7,7,8,11,2,61,0,2,2,6,94,1,3,0,82,RIS_0
69,149,5,76,46,0,0,100,-7,7,8,35,2,52,16,0,0,67,80,5,4,2,82,RIS_1
67,168,10,72,7,0,0,93,20,6,6,17,0,42,0,0,0,93,70,5,2,2,98,RIS_0
55,96,10,23,3,0,0,100,-7,7,8,5,1,33,0,1,1,83,92,3,2,3,100,RIS_0
94,223,14,97,19,0,0,100,-7,7,8,18,1,41,0,1,1,-3,-8,1,2,0,50,RIS_1
80,480,1,115,31,1,0,95,61,6,6,39,3,2,0,2,2,0,-8,3,-8,0,35,RIS_1
74,143,3,60,24,0,0,100,-8,7,8,27,3,34,0,3,3,33,86,3,3,1,54,RIS_1
89,307,7,116,33,0,0,100,-7,7,8,30,1,17,0,1,1,5,-9,4,2,0,46,RIS_1
74,214,4,87,20,0,0,100,-7,7,8,42,2,35,0,1,1,66,66,5,4,1,86,RIS_1
75,164,14,52,18,0,0,100,-7,7,8,9,0,50,0,0,0,90,61,3,2,1,100,RIS_0
70,182,2,73,40,0,0,100,-7,7,8,30,4,40,0,5,5,26,98,6,3,1,42,RIS_1
90,169,6,129,18,0,0,100,-7,7,8,17,1,48,-8,0,0,7,88,2,2,0,63,RIS_1
75,118,9,65,7,0,0,100,-7,7,8,15,1,23,0,1,1,11,-7,2,1,0,44,RIS_1
71,187,1,41,18,0,0,100,-7,6,8,32,4,20,0,1,1,25,91,5,2,1,44,RIS_1
60,214,21,71,27,6,1,81,1,4,2,19,0,33,0,2,2,59,43,6,2,1,85,RIS_0
74,211,2,89,37,0,0,100,-7,7,8,47,3,12,0,3,3,35,77,8,4,3,68,RIS_1
53,179,2,72,22,1,1,77,1,4,5,18,3,18,0,1,1,58,87,4,3,1,71,RIS_0
90,469,15,110,19,0,0,100,-7,7,8,23,0,16,0,1,0,14,-8,3,1,0,42,RIS_1
70,188,3,63,34,0,0,95,18,6,6,41,4,33,0,1,1,9,69,6,4,1,51,RIS_0
61,384,18,105,24,1,1,95,64,6,2,23,0,31,0,0,0,68,-8,5,2,1,87,RIS_1
69,102,2,45,17,0,0,100,-7,7,8,15,2,42,0,4,4,20,95,1,2,0,69,RIS_0
69,142,12,67,21,0,0,100,-8,6,8,23,1,49,0,2,2,81,72,6,4,4,91,RIS_0
67,123,16,36,10,0,0,91,-7,6,6,17,1,50,0,0,0,87,72,3,3,1,100,RIS_0
80,152,5,89,18,0,0,94,60,6,6,30,1,24,5,0,0,14,-8,3,2,0,33,RIS_1
63,169,16,83,6,4,1,78,18,6,2,18,0,49,0,1,1,32,-8,1,1,0,99,RIS_0
81,419,14,120,23,1,1,95,64,6,2,23,0,-3,0,0,0,-1,-9,1,-8,0,41,RIS_1
75,121,18,85,32,0,0,97,60,6,6,28,0,38,16,0,0,47,72,5,4,2,78,RIS_1
65,148,13,83,16,1,1,100,-7,6,8,20,1,41,0,0,0,87,-9,5,2,3,99,RIS_0
79,156,3,42,16,0,0,100,-7,7,8,14,3,45,0,1,1,1,97,1,4,0,84,RIS_1
63,208,3,96,20,0,0,94,3,4,6,20,1,14,0,2,2,52,-8,5,1,1,37,RIS_0
65,171,3,78,26,0,0,94,4,4,6,28,4,21,0,2,2,13,92,6,2,1,54,RIS_0
65,169,7,92,21,0,0,96,9,6,6,19,1,30,0,1,1,60,82,5,2,2,87,RIS_0
85,210,11,88,33,0,0,100,-7,7,8,52,1,43,0,1,1,16,72,6,4,1,67,RIS_1
89,196,6,90,14,0,0,100,-7,7,8,14,1,2,0,0,0,6,-8,0,-8,0,31,RIS_1
86,275,2,117,28,0,0,100,-7,7,8,47,2,20,0,2,2,19,-8,3,2,0,46,RIS_1
84,134,23,98,11,0,0,100,-7,7,8,8,0,-7,17,0,0,-1,-8,1,1,0,35,RIS_1
69,295,3,90,52,0,0,97,56,6,6,60,3,16,0,2,2,25,93,10,3,1,47,RIS_1
74,507,4,73,43,1,0,100,-6,6,7,43,2,28,0,2,2,30,86,6,3,1,74,RIS_1
71,286,7,92,22,4,1,90,8,0,2,34,1,48,0,0,0,-2,72,1,5,0,53,RIS_1
76,432,9,117,31,0,0,100,-7,6,8,48,0,38,0,0,0,53,59,6,2,1,82,RIS_1
61,208,2,48,22,0,0,100,-7,7,8,22,3,27,0,3,3,63,92,8,2,3,82,RIS_0
65,204,15,73,28,0,0,93,3,4,6,27,1,22,0,2,2,35,100,5,2,1,71,RIS_0
81,415,6,126,32,0,0,100,-7,7,8,41,1,11,-8,0,0,30,-7,12,-8,1,54,RIS_1
51,146,15,77,13,2,0,78,2,4,5,23,0,51,0,0,0,80,81,4,3,2,100,RIS_0
76,259,3,84,53,0,0,96,-7,6,7,47,3,38,1,4,4,21,72,6,4,2,72,RIS_1
70,226,13,101,24,1,1,93,10,4,5,23,1,42,0,1,1,1,91,1,2,0,78,RIS_0
80,360,9,124,23,1,0,95,68,6,5,39,1,13,0,1,1,5,-8,2,1,0,50,RIS_1
66,91,1,29,26,0,0,100,-7,7,8,26,5,32,0,2,2,92,97,8,4,4,91,RIS_0
64,208,8,119,15,1,1,94,19,6,6,32,1,32,16,0,0,75,69,5,3,4,84,RIS_0
61,79,7,55,2,1,0,79,-1,4,5,8,0,88,0,0,0,44,63,0,3,-8,99,RIS_0
67,210,2,72,23,1,1,96,71,6,2,30,2,16,0,5,5,56,-9,10,1,3,79,RIS_0
69,204,2,51,60,0,0,100,-7,7,8,71,6,46,0,5,8,33,98,5,4,1,77,RIS_1
74,146,3,69,53,1,0,95,11,6,5,36,6,43,0,1,1,2,94,5,5,0,57,RIS_1
78,172,9,93,23,0,0,95,-7,6,6,20,2,41,8,0,0,-2,69,1,3,0,44,RIS_1
82,224,7,73,30,0,0,95,-7,6,6,28,2,29,0,0,0,1,94,3,2,0,44,RIS_1
62,177,1,72,55,1,0,94,1,4,6,39,4,10,0,2,2,47,87,9,2,2,57,RIS_0
66,109,8,63,17,0,0,100,-7,7,8,13,2,24,0,2,2,63,82,6,2,1,71,RIS_0
68,89,25,91,6,0,0,65,3,4,6,19,0,55,0,0,0,70,-8,2,1,1,96,RIS_0
64,117,3,26,16,1,0,92,83,6,5,29,4,49,0,1,1,83,88,4,4,1,81,RIS_0
81,334,16,121,38,0,0,97,-7,6,6,35,0,22,0,1,1,23,-8,5,1,1,39,RIS_1
58,122,9,90,18,1,1,91,13,6,6,27,1,47,0,4,4,84,68,5,3,3,90,RIS_0
53,341,0,65,59,1,0,95,1,4,5,45,3,31,0,4,3,69,89,12,4,3,89,RIS_0
63,177,3,84,21,0,0,94,14,6,6,25,2,26,0,0,0,48,92,6,3,2,86,RIS_0
72,181,28,111,6,1,0,58,1,4,6,19,0,65,0,1,1,-9,-7,1,1,-8,99,RIS_0
91,468,3,100,24,0,0,100,-7,7,8,14,1,19,0,0,0,3,-7,0,1,0,40,RIS_1
70,451,19,98,38,1,1,88,1,4,5,24,0,15,0,1,1,38,-8,9,2,1,56,RIS_0
62,192,16,89,3,1,1,67,13,6,5,-1,0,57,0,0,0,3,-8,0,2,-8,100,RIS_0
63,118,2,52,25,0,0,94,20,6,6,24,3,16,0,0,0,73,89,8,2,4,87,RIS_0
73,169,7,70,18,0,0,89,7,4,6,8,0,-2,0,0,0,48,-5,5,1,1,41,RIS_0
85,212,21,84,19,0,0,100,-7,7,8,19,0,20,0,0,0,6,-9,2,1,0,34,RIS_1
71,421,3,123,51,1,0,96,7,6,5,83,2,36,0,1,1,13,83,9,4,0,49,RIS_1
66,59,2,34,25,0,0,95,41,6,6,25,9,45,0,1,1,26,99,5,4,1,79,RIS_0
55,125,1,69,22,1,1,89,2,4,6,15,2,6,0,4,4,35,-6,3,1,0,73,RIS_0
60,184,9,96,25,0,0,84,-1,4,6,23,1,17,0,4,4,41,-9,5,1,1,40,RIS_0
68,169,75,111,-1,2,1,62,39,6,2,6,0,100,0,0,0,-9,-9,-7,1,-8,-4,RIS_0
72,136,10,75,34,0,0,100,-7,7,8,34,1,41,0,1,0,76,70,5,4,2,90,RIS_1
79,172,46,107,2,1,0,100,-7,7,8,3,0,42,14,0,0,96,-8,2,1,0,100,RIS_0
79,360,12,115,56,0,0,95,61,6,6,39,1,23,0,1,1,17,38,6,2,1,51,RIS_1
80,141,3,45,17,0,0,100,-7,7,8,21,7,44,0,4,4,16,104,3,4,0,70,RIS_1
63,9,2,1,9,1,1,100,-7,7,8,1,4,73,0,9,9,94,93,0,5,-8,100,RIS_0
85,464,12,128,38,1,1,94,43,6,2,57,1,34,15,0,0,1,39,5,3,0,58,RIS_1
62,194,10,74,18,1,0,77,7,4,5,23,1,40,0,2,1,23,84,2,2,1,51,RIS_0
63,219,22,84,21,0,0,92,6,4,6,20,0,11,0,1,1,59,-8,8,1,4,84,RIS_0
57,95,6,45,7,2,1,65,8,4,5,0,1,19,0,0,0,59,-9,2,1,1,99,RIS_0
58,114,4,92,48,0,0,96,14,6,6,62,5,15,0,1,1,60,93,9,2,4,68,RIS_0
67,322,17,105,34,1,1,97,9,6,5,37,0,40,0,0,0,45,40,5,3,1,85,RIS_1
70,80,26,38,5,0,0,100,-7,7,8,6,0,59,0,2,2,85,-7,2,1,1,98,RIS_0
77,78,3,35,9,0,0,100,-8,7,8,5,3,27,0,1,1,11,-8,0,1,0,27,RIS_0
51,157,5,67,18,2,2,74,3,4,5,25,1,55,0,1,1,85,74,5,4,1,89,RIS_0
70,71,3,61,31,0,0,100,-7,7,8,25,5,34,0,3,3,9,97,5,3,1,53,RIS_0
56,184,11,81,27,2,2,80,7,0,2,23,0,46,0,0,0,86,72,6,4,2,100,RIS_0
69,213,7,88,25,0,0,93,8,4,6,16,1,21,0,0,0,49,-8,6,1,1,23,RIS_0
78,92,7,69,20,0,0,100,-7,7,8,22,2,64,18,0,0,53,63,3,5,1,80,RIS_0
80,152,3,69,23,0,0,96,-7,7,6,21,2,18,7,0,0,6,91,3,2,0,15,RIS_1
72,156,6,85,24,0,0,100,-7,7,8,24,1,28,17,0,0,98,88,9,3,4,88,RIS_0
79,214,7,101,20,0,0,96,19,6,6,28,0,14,0,0,0,-9,-9,3,1,0,27,RIS_1
72,310,28,88,26,0,0,95,9,4,6,30,0,56,0,1,1,72,53,5,3,2,87,RIS_0
85,414,22,153,10,1,0,96,72,6,5,16,0,23,0,1,1,4,-7,1,1,0,34,RIS_1
66,312,24,198,18,0,0,100,-7,7,8,16,0,7,0,0,0,83,-8,5,1,3,99,RIS_0
65,254,2,42,21,0,0,95,23,6,6,23,1,58,0,2,2,80,65,5,4,2,94,RIS_0
84,246,7,90,32,0,0,100,-7,7,8,43,1,36,0,2,2,3,63,0,2,0,40,RIS_1
73,224,9,72,45,0,0,100,-8,7,8,53,1,23,0,0,0,45,88,8,4,3,88,RIS_1
69,179,1,30,43,0,0,100,-7,7,8,40,6,31,0,2,2,5,105,5,5,1,36,RIS_1
75,187,3,136,53,0,0,96,64,6,6,56,2,28,6,0,0,32,89,10,4,3,67,RIS_1
67,37,1,48,9,1,0,93,65,6,6,19,2,61,0,2,2,86,86,3,3,1,91,RIS_0
67,82,2,59,23,1,1,93,62,6,6,18,2,33,0,4,4,40,-9,0,2,0,64,RIS_0
65,271,11,101,24,4,4,91,32,6,2,36,1,40,0,0,0,46,83,6,3,1,87,RIS_1
69,0,5,38,20,0,0,100,-7,7,8,17,1,59,0,0,0,75,78,5,4,2,100,RIS_0
71,370,9,116,40,0,0,96,-7,6,6,46,1,13,18,0,0,44,-8,9,-8,5,65,RIS_1
69,193,5,92,12,1,1,86,10,0,2,15,1,12,0,1,1,48,-7,4,1,1,68,RIS_0
72,28,14,71,8,0,0,100,-7,7,8,11,1,43,18,0,0,5,-8,0,1,0,100,RIS_0
86,81,8,77,18,0,0,100,-7,7,8,23,0,58,0,0,0,17,66,2,4,1,69,RIS_1
92,426,4,127,21,0,0,100,-7,7,8,20,0,2,0,1,1,1,-8,3,-8,0,3,RIS_1
84,16,5,54,1,0,0,100,-7,7,8,3,1,19,0,1,1,26,-6,2,-8,0,100,RIS_0
65,65,9,18,3,0,0,100,-7,7,8,7,1,47,0,0,0,62,-9,2,1,1,100,RIS_0
84,209,10,92,24,0,0,100,-7,7,8,50,0,43,0,0,0,-2,43,1,3,0,31,RIS_1
87,202,7,104,34,0,0,100,-7,7,8,35,1,19,17,0,0,-1,-7,0,1,0,10,RIS_1
81,128,43,80,4,0,0,100,-7,7,8,-2,0,55,0,0,0,20,-8,1,1,-8,99,RIS_0
70,177,2,77,25,0,0,96,14,6,6,35,1,17,0,1,1,32,-7,5,1,1,67,RIS_0
72,75,-1,33,23,0,0,100,-7,7,8,22,7,50,0,2,2,35,92,6,3,1,72,RIS_0
69,128,7,63,23,0,0,100,-7,7,8,23,2,27,0,0,0,74,92,6,3,1,81,RIS_0
52,161,8,86,28,2,1,84,12,0,2,7,0,21,0,2,2,95,-8,8,1,3,100,RIS_0
62,188,75,76,4,2,1,58,61,6,5,2,0,20,0,1,1,113,-8,2,1,1,98,RIS_0
75,392,8,111,20,0,0,100,-7,6,8,24,1,18,0,2,2,27,-8,4,1,0,58,RIS_1
64,253,24,103,24,1,0,94,-7,6,8,46,0,20,0,2,2,105,-9,8,1,6,86,RIS_0
64,148,6,75,11,2,2,88,39,6,5,9,1,49,0,1,1,91,72,4,4,2,100,RIS_0
75,64,4,65,7,0,0,87,28,6,6,16,1,11,0,1,1,16,-8,2,1,1,51,RIS_0
71,158,2,63,21,0,0,100,-7,6,8,24,2,30,0,4,4,28,90,6,3,1,71,RIS_0
67,337,4,112,41,1,0,94,-7,6,6,22,3,1,0,2,2,59,-9,9,-8,4,81,RIS_0
74,172,3,66,29,0,0,100,-7,7,8,26,3,40,0,1,1,1,98,0,3,0,55,RIS_1
82,165,3,73,15,0,0,100,-7,6,8,15,1,52,0,0,0,0,96,1,2,0,71,RIS_1
66,80,61,47,0,0,0,55,17,6,6,5,0,4,0,1,1,101,-8,2,1,1,100,RIS_0
55,75,1,8,2,1,1,100,-7,6,8,9,3,40,0,2,2,83,96,3,2,1,99,RIS_0
71,180,4,72,40,0,0,100,-8,7,8,40,6,33,0,1,1,59,99,8,6,2,91,RIS_0
71,48,15,47,7,0,0,100,-7,7,8,0,1,47,0,1,1,69,-8,2,2,0,99,RIS_0
87,451,5,116,28,0,0,100,-7,7,8,27,2,33,0,1,1,16,93,5,2,0,50,RIS_1
65,109,5,73,23,0,0,94,15,6,6,25,1,66,0,2,2,69,74,2,5,1,83,RIS_0
72,138,2,49,37,0,0,100,-8,7,8,43,6,8,0,4,4,44,88,6,2,1,31,RIS_0
83,292,3,96,27,0,0,100,-8,7,8,44,2,14,3,2,2,3,92,3,2,0,30,RIS_1
83,179,0,62,23,0,0,100,-7,7,8,26,2,50,0,2,2,13,97,1,3,0,44,RIS_1
72,191,1,84,32,0,0,100,-7,7,8,36,2,12,0,1,1,33,92,7,3,2,60,RIS_1
73,185,7,56,4,1,0,90,19,6,5,18,1,17,0,1,1,5,-8,0,1,0,30,RIS_0
76,145,2,84,9,0,0,95,19,6,6,18,1,40,0,2,2,3,87,1,2,0,30,RIS_1
73,-9,3,32,5,1,1,100,-7,7,8,5,2,16,0,1,1,45,-9,2,1,0,100,RIS_0
77,199,10,110,23,0,0,100,-8,7,8,38,1,12,0,2,2,58,-9,8,1,3,73,RIS_0
76,148,16,99,27,0,0,100,-7,7,8,19,0,46,0,0,0,50,74,2,5,0,79,RIS_1
60,124,11,95,11,2,2,74,10,6,5,10,1,22,0,1,1,44,-7,4,1,1,53,RIS_0
59,104,2,11,3,0,0,90,20,6,6,8,3,60,0,2,2,89,102,2,2,1,100,RIS_0
86,534,18,115,30,0,0,95,-8,6,6,45,0,8,0,1,1,30,-7,5,1,1,40,RIS_1
73,165,3,47,15,0,0,93,51,6,6,24,2,56,0,0,0,0,87,1,3,0,73,RIS_0
71,150,1,67,30,0,0,98,8,4,6,26,2,11,0,1,1,7,-6,4,2,0,33,RIS_0
64,179,3,80,24,0,0,97,26,6,6,16,2,19,0,2,2,46,93,5,2,1,71,RIS_0
67,163,7,78,5,1,0,90,11,6,5,19,1,55,0,0,0,1,84,1,3,0,52,RIS_1
76,205,25,88,9,0,0,91,6,4,6,6,0,64,18,0,0,69,73,1,3,0,100,RIS_0
63,129,29,91,3,1,1,59,25,6,6,13,0,29,0,1,1,90,-8,4,1,3,100,RIS_0
69,173,21,88,24,1,1,94,-7,6,6,26,0,43,0,5,5,57,70,6,5,1,88,RIS_0
59,83,2,65,19,0,0,89,2,4,6,26,4,52,0,2,1,88,72,6,3,4,86,RIS_0
66,37,1,69,17,1,1,92,62,0,2,17,4,15,0,2,2,3,90,3,2,0,73,RIS_0
77,177,10,76,22,0,0,100,-7,7,6,23,1,21,0,2,2,33,-7,5,1,1,37,RIS_0
85,136,16,91,24,0,0,100,-7,7,8,20,1,46,0,2,2,2,75,1,4,0,67,RIS_1
74,142,4,88,27,0,0,100,-6,7,8,30,2,21,0,0,0,4,90,2,2,0,50,RIS_1
74,184,1,98,38,1,0,98,1,6,6,39,6,23,0,1,1,3,89,5,2,0,32,RIS_1
87,374,21,179,10,0,0,100,-7,7,8,16,0,-4,-8,0,0,4,-9,1,1,0,32,RIS_1
87,107,8,66,21,0,0,100,-7,7,6,19,1,32,0,1,1,9,94,1,2,0,33,RIS_1
74,149,12,70,16,1,1,83,14,4,5,22,1,44,0,0,0,1,80,1,4,0,65,RIS_1
85,146,19,93,3,0,0,100,-7,7,8,1,0,40,0,1,0,3,-9,1,1,0,48,RIS_1
69,184,5,84,16,1,1,91,14,0,2,22,2,60,0,0,0,32,70,3,5,0,83,RIS_0
53,180,10,85,5,7,4,54,8,6,2,3,1,42,0,2,3,1,-7,1,1,-8,45,RIS_0
79,96,14,77,3,0,0,100,-7,7,8,14,1,46,0,2,2,53,-6,1,2,0,66,RIS_0
66,164,3,79,32,1,0,93,11,4,6,29,1,45,0,3,3,36,91,6,4,2,87,RIS_0
74,171,9,74,17,0,0,93,-7,6,6,9,3,18,0,0,0,1,-7,1,1,0,29,RIS_1
56,247,37,96,24,2,2,93,9,4,5,48,0,19,0,5,6,70,85,16,2,5,75,RIS_0
62,410,2,95,47,1,1,98,74,6,2,44,3,12,0,4,4,22,-7,8,2,2,60,RIS_0
79,-5,2,21,12,0,0,100,-7,7,8,13,2,44,0,2,2,31,92,2,2,0,80,RIS_1
58,154,4,66,16,2,1,78,1,4,2,19,3,40,0,2,2,70,87,8,3,3,92,RIS_0
80,216,0,76,31,0,0,96,-7,6,6,27,4,15,0,4,4,5,-9,3,1,0,33,RIS_1
54,170,19,78,16,1,1,59,3,4,5,17,0,32,0,1,1,96,-9,6,2,1,88,RIS_0
60,148,1,69,25,1,0,96,19,6,6,28,2,27,0,2,2,89,77,9,2,3,82,RIS_0
67,185,2,98,52,0,0,97,-7,6,7,39,6,31,0,1,1,65,89,9,5,4,78,RIS_1
69,173,9,78,9,0,0,95,4,6,6,16,1,53,15,0,0,24,93,2,2,0,70,RIS_0
55,166,6,64,17,0,0,92,7,4,6,28,1,20,0,3,3,95,-9,9,1,4,83,RIS_0
76,232,2,83,23,1,1,95,20,6,6,50,3,16,0,2,2,0,-6,3,1,0,22,RIS_1
61,257,1,77,64,1,1,97,23,6,5,55,3,27,0,2,2,44,73,8,5,2,74,RIS_1
69,105,4,18,16,0,0,95,-7,7,6,13,3,22,0,2,1,-9,-8,2,1,0,40,RIS_0
78,219,17,96,27,0,0,100,-7,7,8,18,0,44,0,2,2,30,72,3,4,0,73,RIS_1
74,220,3,75,46,0,0,100,-7,7,8,46,6,35,0,2,2,14,71,6,5,1,40,RIS_1
57,217,7,82,24,1,1,83,0,4,5,42,1,56,0,4,4,43,38,5,2,2,79,RIS_0
59,159,3,83,38,0,0,96,14,6,6,58,4,21,0,3,3,50,79,5,3,3,54,RIS_0
74,256,9,67,28,0,0,95,22,6,6,27,1,21,0,1,1,40,-8,5,2,2,54,RIS_0
71,141,4,78,12,2,2,90,60,6,5,10,3,54,0,7,4,26,103,2,4,0,100,RIS_0
79,131,7,124,12,0,0,100,-6,7,8,11,1,52,0,2,2,37,92,3,2,0,83,RIS_1
61,64,2,42,23,0,0,100,-7,6,8,27,7,37,0,6,3,81,91,5,5,2,100,RIS_0
63,99,3,45,14,0,0,100,-7,7,8,12,1,10,0,4,4,57,-7,3,-8,1,67,RIS_0
71,162,7,66,24,0,0,93,26,6,6,16,3,27,0,0,0,1,83,4,2,1,58,RIS_0
74,103,11,85,20,0,0,100,-7,7,8,19,0,57,16,0,0,77,64,2,2,1,100,RIS_0
73,257,11,96,40,0,0,100,-7,7,8,27,1,32,0,0,0,54,73,5,3,2,69,RIS_1
64,119,0,44,30,1,0,100,78,6,6,22,7,44,0,2,2,45,95,4,3,1,73,RIS_0
69,76,5,55,5,1,1,89,50,6,2,5,1,40,12,0,0,85,93,3,3,1,99,RIS_0
77,174,10,68,13,0,0,100,-6,7,8,16,1,58,0,0,0,63,68,6,2,2,100,RIS_0
59,93,1,41,31,1,1,92,10,0,5,20,6,10,0,0,0,5,97,5,3,0,60,RIS_0
59,521,3,79,35,1,1,95,-7,6,6,29,1,17,0,5,4,47,-8,8,1,3,72,RIS_0
91,159,20,111,12,0,0,100,-7,7,8,15,0,11,0,0,0,21,-7,2,1,0,24,RIS_0
80,383,6,125,19,0,0,100,-7,7,8,36,1,16,0,2,2,10,-9,5,-8,0,36,RIS_1
68,6,66,29,-1,1,0,100,-7,6,8,4,0,-2,0,1,1,-1,-8,0,1,-8,-9,RIS_0
76,189,1,117,42,0,0,100,-7,7,8,62,2,42,0,1,1,11,67,5,4,0,24,RIS_1
69,164,2,47,13,0,0,100,-7,7,8,20,1,43,0,2,2,66,91,3,2,1,99,RIS_0
55,323,8,100,46,1,1,80,2,4,2,56,1,15,0,2,2,74,-9,11,2,4,81,RIS_0
78,143,3,64,23,0,0,100,-7,7,8,21,2,45,0,0,0,24,77,2,4,0,82,RIS_1
66,134,11,93,23,0,0,86,25,6,6,27,0,18,0,1,1,51,65,4,2,1,84,RIS_0
57,197,16,105,28,0,0,96,3,4,6,26,0,43,0,0,0,94,73,9,4,3,84,RIS_0
73,212,9,96,13,0,0,100,-7,7,8,21,0,25,0,2,2,59,-7,6,1,1,67,RIS_0
75,24,5,84,3,1,1,100,-7,7,8,9,2,8,0,2,1,26,-7,3,1,0,23,RIS_1
81,211,5,77,11,0,0,100,-7,7,8,11,1,-5,0,1,1,16,-8,3,1,0,35,RIS_1
63,-9,1,13,14,1,1,100,-7,6,8,6,3,41,0,6,10,77,88,2,2,1,100,RIS_0
78,134,2,93,24,0,0,100,-7,7,8,34,2,56,0,2,2,13,73,3,4,0,67,RIS_1
84,437,8,105,42,0,0,100,-7,7,8,24,1,20,0,1,1,22,-9,5,1,1,45,RIS_1
83,171,13,97,25,0,0,95,6,4,6,24,1,50,0,2,2,0,-7,1,1,0,39,RIS_1
90,440,22,161,17,1,0,95,53,6,6,18,0,28,0,1,1,-1,-7,0,1,0,29,RIS_1
78,230,2,68,38,0,0,100,-7,7,8,43,4,14,0,1,1,39,91,5,3,1,70,RIS_1
54,64,9,39,21,0,0,100,-7,7,8,23,1,44,0,3,3,93,85,9,2,4,100,RIS_0
64,405,2,93,44,1,0,96,64,6,6,34,3,18,0,1,1,28,78,8,3,5,65,RIS_1
67,191,11,89,29,6,4,72,2,0,2,32,1,56,0,0,0,8,64,3,4,0,65,RIS_0
73,184,14,66,10,0,0,90,19,6,6,12,1,47,0,0,0,14,-8,1,2,0,49,RIS_0
75,153,7,63,26,1,1,96,65,6,2,40,3,42,18,0,0,6,84,3,5,0,70,RIS_1
51,146,1,51,38,0,0,100,-7,7,8,34,3,13,0,5,7,91,98,7,3,4,84,RIS_0
66,82,3,29,25,0,0,96,-7,6,6,23,4,38,0,0,0,6,98,4,3,0,36,RIS_0
75,145,3,49,25,0,0,94,4,4,6,32,7,15,0,3,3,21,88,4,2,0,38,RIS_0
70,180,4,87,23,1,0,89,9,6,5,22,1,56,0,1,1,44,72,4,3,1,76,RIS_0
76,517,11,111,41,0,0,100,-7,7,8,50,1,23,0,0,0,18,-9,8,1,1,29,RIS_1
77,387,3,128,36,0,0,95,-7,6,6,38,1,19,0,3,3,16,-8,4,1,0,39,RIS_1
75,85,2,16,24,0,0,100,-7,7,8,20,6,47,0,5,5,9,96,3,3,0,73,RIS_0
76,72,1,55,38,0,0,100,-7,7,8,31,8,33,0,1,1,18,101,6,4,0,36,RIS_1
57,72,6,38,9,2,1,81,23,0,2,12,2,10,0,1,1,99,-9,5,1,2,99,RIS_0
60,52,2,20,34,0,0,95,-8,7,6,21,4,48,0,3,3,100,77,6,5,2,89,RIS_0
82,559,9,115,35,0,0,95,-7,6,6,44,0,43,0,1,1,8,49,4,2,0,50,RIS_1
56,125,-2,66,31,4,2,91,11,0,2,32,3,59,0,7,8,83,67,5,5,2,85,RIS_0
78,297,24,87,23,0,0,96,22,6,6,31,0,46,0,3,3,18,52,4,3,1,68,RIS_0
83,159,43,122,10,0,0,91,24,6,6,12,0,39,0,0,0,26,-8,2,1,0,100,RIS_1
86,390,15,104,26,0,0,100,-7,7,8,15,1,22,0,1,0,10,-6,3,-8,0,12,RIS_1
72,430,14,88,18,1,1,94,35,6,6,20,1,36,0,5,4,9,-8,2,1,0,54,RIS_0
83,204,9,73,10,0,0,90,26,6,6,19,1,40,6,0,0,7,98,1,3,0,40,RIS_1
59,139,1,82,27,2,1,89,8,0,2,20,3,51,0,1,1,33,71,6,4,1,82,RIS_0
64,199,12,86,15,1,1,92,-7,6,2,16,0,14,0,4,7,92,-7,6,1,2,99,RIS_0
93,183,14,99,21,0,0,100,-7,7,8,27,0,40,0,2,2,1,81,1,2,0,32,RIS_1
75,212,16,87,28,0,0,100,-7,6,8,27,1,14,17,0,0,35,-9,8,1,3,73,RIS_1
63,112,5,38,12,1,1,100,-7,6,8,13,1,57,0,1,0,88,-8,6,1,3,100,RIS_0
58,71,2,17,9,0,0,90,6,4,6,20,1,45,0,2,2,116,97,4,2,2,100,RIS_0
60,107,1,87,36,1,1,91,5,4,2,43,4,43,0,7,5,21,93,6,5,1,81,RIS_0
57,160,13,89,18,0,0,71,1,4,6,9,1,19,19,0,0,40,-7,4,1,1,70,RIS_0
83,176,39,124,5,0,0,100,-7,7,8,5,0,89,19,0,0,11,8,1,2,-8,100,RIS_1
89,159,7,66,21,0,0,100,-6,7,8,24,1,52,20,0,0,5,83,1,4,0,71,RIS_1
85,194,8,106,20,0,0,100,-7,7,8,38,1,27,10,0,0,17,66,5,2,1,49,RIS_1
68,77,2,66,15,0,0,100,-7,7,8,17,4,22,0,2,2,43,100,5,2,3,76,RIS_0
70,149,3,52,21,0,0,92,6,4,6,17,3,8,0,3,3,56,-7,5,1,2,39,RIS_0
85,179,8,110,16,1,0,90,7,6,5,18,1,17,0,0,0,5,-8,1,1,0,40,RIS_1
66,175,6,73,19,4,2,77,25,6,2,19,1,58,0,2,1,2,60,1,4,-8,100,RIS_0
80,86,14,66,1,0,0,100,-7,7,8,-3,1,45,0,1,1,26,-6,2,1,0,100,RIS_0
59,146,1,20,5,2,2,91,80,6,2,13,3,58,0,3,3,84,88,5,1,2,100,RIS_0
68,204,1,51,25,0,0,100,-7,6,8,27,2,16,0,4,4,35,-7,6,1,2,72,RIS_0
78,60,1,29,10,0,0,100,-7,7,8,6,4,43,0,2,2,-2,98,0,3,0,74,RIS_0
67,148,25,97,5,4,4,65,59,6,2,5,0,47,0,4,4,14,-8,1,1,0,99,RIS_0
65,81,6,26,6,1,1,100,-7,7,8,4,1,42,0,2,2,106,-7,1,1,-8,100,RIS_0
85,212,8,81,26,0,0,100,-8,7,8,19,1,12,0,0,0,16,-8,3,1,1,72,RIS_1
90,157,17,102,10,0,0,100,-7,7,8,5,0,36,0,0,0,3,-9,2,1,0,21,RIS_1
78,195,10,92,8,1,0,89,11,4,5,12,1,32,0,1,1,2,75,1,2,0,33,RIS_1
81,88,13,11,0,0,0,100,-7,7,8,2,1,41,0,0,0,0,86,1,2,0,100,RIS_0
77,146,9,87,32,1,0,96,70,6,5,31,3,39,14,0,0,22,78,5,4,0,69,RIS_1
82,259,5,125,33,0,0,100,-7,7,8,30,1,32,18,0,0,4,78,5,3,0,63,RIS_1
65,329,2,100,52,4,1,98,10,0,2,36,2,45,0,1,1,32,82,6,5,0,56,RIS_1
72,212,4,61,14,1,0,91,8,6,5,19,2,12,8,0,0,-3,-8,3,1,0,32,RIS_1
59,138,14,101,16,1,1,78,2,4,2,15,0,17,0,0,0,98,-8,6,1,1,82,RIS_0
71,98,8,31,-3,0,0,89,-7,6,6,7,1,61,0,2,2,-9,-8,-9,1,-8,-9,RIS_0
69,34,13,13,2,4,1,71,-8,6,2,1,0,10,0,1,1,-1,-9,1,1,-8,100,RIS_0
89,207,6,90,21,0,0,100,-7,6,8,20,1,47,0,1,1,6,62,1,4,0,49,RIS_1
58,151,6,57,30,0,0,94,2,4,6,37,1,44,0,2,2,90,73,5,4,2,85,RIS_0
73,138,5,76,12,0,0,100,-7,7,8,26,1,44,0,1,1,48,78,2,2,1,68,RIS_0
74,143,5,55,24,0,0,97,-7,6,6,28,2,26,0,1,0,22,92,6,3,1,67,RIS_0
78,150,30,127,8,0,0,100,-7,7,8,12,0,61,0,0,0,59,74,2,2,0,99,RIS_1
84,7,2,12,5,0,0,100,-7,7,8,8,1,23,0,4,3,1,-8,1,1,0,98,RIS_1
79,163,15,87,29,0,0,100,-7,7,8,29,1,47,0,0,0,10,80,2,4,0,81,RIS_1
69,231,2,36,50,0,0,100,-7,7,8,32,4,13,0,3,3,72,77,5,3,3,51,RIS_0
72,160,1,26,16,1,0,89,12,6,5,27,3,58,7,0,0,15,94,2,4,0,65,RIS_0
65,169,8,74,17,1,0,89,12,4,5,17,1,53,0,2,2,61,77,4,3,1,83,RIS_0
62,250,21,94,32,6,4,73,2,4,2,36,0,46,0,1,1,89,33,5,4,2,90,RIS_0
69,233,14,94,21,1,0,94,0,4,5,49,0,19,0,0,0,1,-9,0,1,0,45,RIS_1
66,177,1,67,39,1,1,92,3,4,6,39,2,49,0,4,4,39,72,6,4,1,80,RIS_0
75,157,16,51,28,1,0,91,43,6,6,27,0,52,0,1,1,61,65,4,4,1,91,RIS_0
80,181,2,86,33,0,0,100,-7,7,8,84,3,27,0,0,0,27,94,6,4,1,54,RIS_1
68,113,3,26,25,0,0,96,-7,6,6,15,4,42,0,4,4,44,89,3,3,1,87,RIS_0
64,37,1,6,1,0,0,100,-7,7,8,6,1,48,0,3,3,90,-9,3,1,1,99,RIS_0
75,148,4,61,25,0,0,100,-7,7,8,29,2,49,10,0,0,58,73,6,4,1,87,RIS_1
57,238,3,76,52,1,1,92,9,6,5,77,3,44,0,6,7,75,82,9,5,3,90,RIS_0
60,188,22,97,15,1,1,65,2,4,5,21,0,-1,0,1,1,90,-7,9,-8,3,100,RIS_0
65,242,11,101,24,0,0,100,-8,7,8,27,1,18,0,1,0,61,-8,8,1,4,76,RIS_0
73,97,2,57,5,1,1,90,65,6,5,2,1,12,0,4,8,9,-8,1,1,0,21,RIS_0
65,184,4,28,40,0,0,97,54,6,6,33,6,18,0,1,1,38,84,9,3,3,71,RIS_0
74,105,-1,47,26,0,0,97,15,6,6,35,4,49,0,1,1,15,87,3,5,0,74,RIS_0
73,-7,2,28,5,0,0,100,-7,7,8,3,3,16,0,2,2,63,-9,5,1,1,76,RIS_0
59,133,4,104,5,4,1,63,8,0,2,15,1,32,0,4,4,51,-8,3,1,1,85,RIS_0
91,349,18,114,44,0,0,100,-7,7,8,55,0,27,0,0,0,2,43,3,3,0,39,RIS_1
65,47,8,49,6,1,0,90,24,6,6,8,1,23,0,1,1,70,-9,2,1,0,99,RIS_0
64,88,2,69,15,0,0,95,3,4,6,22,6,48,0,2,2,48,99,5,4,1,73,RIS_0
60,73,2,44,20,0,0,89,0,4,6,23,4,19,0,2,2,41,93,6,2,2,83,RIS_0
53,157,4,71,34,1,1,88,2,4,2,39,6,30,0,1,1,41,89,8,4,1,72,RIS_0
77,187,3,38,21,0,0,100,-7,7,8,22,2,51,0,1,1,22,93,3,4,0,82,RIS_1
